created_at,like_count,quote_count,reply_count,retweet_count,compound,comp_score
2020-06-23,8.6,0.0,3.0,1.8,0.05788,0.2
2020-06-24,47.8125,0.9375,7.125,104.6875,0.260975,0.875
2020-06-25,30.181818181818183,0.45454545454545453,8.5,6.409090909090909,0.14882727272727272,0.9090909090909091
2020-06-26,71.86666666666666,1.2666666666666666,20.933333333333334,10.0,0.11410666666666666,0.8666666666666667
2020-06-27,137.91666666666666,5.5,134.5,28.333333333333332,0.28231666666666666,0.8333333333333334
2020-06-28,66.2,3.9,22.2,14.2,0.27636000000000005,1.0
2020-06-29,37.733333333333334,1.0666666666666667,5.0,197.86666666666667,0.1539333333333333,0.7333333333333333
2020-06-30,65.55555555555556,0.4444444444444444,23.555555555555557,11.444444444444445,0.0814,0.5555555555555556
2020-07-01,84.78571428571429,3.7142857142857144,37.214285714285715,57.42857142857143,0.09113571428571429,0.7142857142857143
2020-07-02,53.0,2.2142857142857144,19.142857142857142,57.714285714285715,0.20513571428571428,0.8571428571428571
2020-07-03,96.3913043478261,3.347826086956522,35.391304347826086,71.95652173913044,0.04526521739130435,0.7391304347826086
2020-07-04,244.0,15.375,262.5,60.75,0.394125,1.0
2020-07-05,61.166666666666664,1.1666666666666667,22.0,13.5,0.23313333333333333,0.6666666666666666
2020-07-06,216.0,17.75,205.0,163.5,0.399225,1.0
2020-07-07,77.92307692307692,2.6923076923076925,18.846153846153847,65.07692307692308,0.35993846153846154,1.0
2020-07-08,54.27777777777778,1.5555555555555556,12.0,7.388888888888889,0.1911,0.6666666666666666
2020-07-09,130.35714285714286,4.357142857142857,57.57142857142857,39.07142857142857,0.2388857142857143,0.8571428571428571
2020-07-10,41.57142857142857,0.6428571428571429,12.142857142857142,7.357142857142857,0.1977,1.0
2020-07-11,94.16666666666667,3.6666666666666665,18.5,64.83333333333333,0.23634999999999998,1.0
2020-07-12,107.0,3.0,21.333333333333332,40.666666666666664,0.218,0.3333333333333333
2020-07-13,180.71428571428572,4.0,29.857142857142858,42.57142857142857,0.2635,1.0
2020-07-14,56.77777777777778,1.3333333333333333,5.555555555555555,194.55555555555554,0.29585555555555554,1.0
2020-07-15,64.86666666666666,2.466666666666667,10.733333333333333,23.333333333333332,0.21390666666666666,0.8666666666666667
2020-07-16,125.55555555555556,2.3333333333333335,31.77777777777778,22.77777777777778,0.22924444444444447,0.7777777777777778
2020-07-17,68.33333333333333,1.9333333333333333,48.266666666666666,13.0,0.08654,0.8666666666666667
2020-07-18,101.57142857142857,2.142857142857143,34.142857142857146,19.142857142857142,0.15017142857142857,0.7142857142857143
2020-07-19,90.46666666666667,2.2,24.8,25.4,0.19482,1.0
2020-07-20,635.5,122.16666666666667,230.5,1051.25,0.2608833333333333,1.0
2020-07-21,70.16666666666667,1.4166666666666667,7.916666666666667,21.416666666666668,0.23725,0.8333333333333334
2020-07-22,177.46153846153845,10.76923076923077,78.84615384615384,1054.4615384615386,0.2321692307692308,1.0
2020-07-23,245.22222222222223,5.0,37.833333333333336,55.611111111111114,0.18574444444444443,1.0
2020-07-24,120.75,1.25,16.25,30.5,0.22605,1.0
2020-07-25,500.0,5.666666666666667,100.66666666666667,106.33333333333333,0.41933333333333334,1.0
2020-07-26,242.0,7.0,44.666666666666664,64.0,-0.023366666666666664,0.3333333333333333
2020-07-27,130.46153846153845,7.230769230769231,32.69230769230769,64.46153846153847,0.08846153846153845,1.0
2020-07-28,218.66666666666666,7.166666666666667,65.0,74.66666666666667,0.041666666666666664,1.0
2020-07-29,165.69230769230768,2.769230769230769,41.84615384615385,35.38461538461539,0.1838846153846154,0.8461538461538461
2020-07-30,118.625,2.625,34.583333333333336,22.208333333333332,0.18285833333333334,0.9166666666666666
2020-07-31,131.75,1.25,12.75,1407.5,0.22692500000000002,1.0
2020-08-01,644.0,54.6,265.0,354.8,0.49607999999999997,1.0
2020-08-02,368.5,12.5,228.0,62.0,0.20095,1.0
2020-08-03,123.44444444444444,3.888888888888889,61.22222222222222,25.0,0.17866666666666667,1.0
2020-08-04,191.88888888888889,4.888888888888889,32.888888888888886,96.44444444444444,0.0,1.0
2020-08-05,57.6,0.68,19.0,25.28,0.30203199999999997,0.84
2020-08-06,107.95,3.45,18.75,53.5,0.21077500000000002,0.9
2020-08-07,131.25,5.75,26.25,48.25,0.130275,0.8333333333333334
2020-08-08,321.875,23.375,431.125,116.5,0.063825,1.0
2020-08-09,93.42857142857143,2.0,41.857142857142854,109.14285714285714,0.23368571428571427,1.0
2020-08-10,46.73076923076923,0.6923076923076923,10.153846153846153,25.192307692307693,0.19741153846153844,1.0
2020-08-11,77.76470588235294,1.7647058823529411,10.764705882352942,21.41176470588235,0.1619,1.0
2020-08-12,75.0,3.125,10.125,11.25,0.06775,0.75
2020-08-13,119.55555555555556,2.5555555555555554,27.666666666666668,17.666666666666668,0.0870888888888889,1.0
2020-08-14,51.53846153846154,0.6153846153846154,6.6923076923076925,681.3846153846154,0.16440769230769228,0.6923076923076923
2020-08-15,175.75,4.875,77.25,39.25,0.2295,1.0
2020-08-16,100.0,2.4285714285714284,31.285714285714285,21.0,0.0682857142857143,0.42857142857142855
2020-08-17,127.0,1.3888888888888888,26.444444444444443,108.05555555555556,0.31395555555555554,0.8888888888888888
2020-08-18,128.66666666666666,1.0,13.333333333333334,27.0,0.3945666666666667,1.0
2020-08-19,554.3,65.1,210.4,613.8,0.16926,1.0
2020-08-20,288.42857142857144,13.857142857142858,61.0,118.14285714285714,0.17522857142857143,1.0
2020-08-21,361.8888888888889,25.666666666666668,145.55555555555554,311.55555555555554,0.22845555555555552,1.0
2020-08-22,271.6666666666667,9.5,170.33333333333334,61.833333333333336,0.08209999999999999,1.0
2020-08-23,273.3333333333333,9.0,60.666666666666664,55.0,0.1589,1.0
2020-08-24,155.1764705882353,7.0588235294117645,78.17647058823529,53.88235294117647,0.043376470588235294,0.5294117647058824
2020-08-25,183.0,5.142857142857143,37.0,49.42857142857143,-0.08647142857142856,0.42857142857142855
2020-08-26,268.6470588235294,9.176470588235293,111.88235294117646,73.05882352941177,0.19550588235294117,1.0
2020-08-27,164.82608695652175,5.3478260869565215,60.34782608695652,59.91304347826087,0.25072608695652177,0.7391304347826086
2020-08-28,182.8,1.9333333333333333,20.666666666666668,20.333333333333332,0.12443333333333334,0.8666666666666667
2020-08-29,250.2,5.4,84.0,72.6,-0.10432000000000001,0.2
2020-08-30,334.3333333333333,9.0,207.0,94.66666666666667,0.0,1.0
2020-08-31,162.66666666666666,4.833333333333333,26.0,121.16666666666667,0.29688333333333333,1.0
2020-09-01,181.11111111111111,1.8888888888888888,19.77777777777778,71.66666666666667,0.31925555555555557,0.7777777777777778
2020-09-02,172.8,1.4,19.6,458.2,0.08244,0.2
2020-09-03,144.0,2.0714285714285716,39.42857142857143,31.357142857142858,0.3261928571428571,1.0
2020-09-04,922.0909090909091,160.36363636363637,617.7272727272727,933.7272727272727,0.18952727272727274,0.8181818181818182
2020-09-05,234.85714285714286,6.714285714285714,33.42857142857143,72.28571428571429,0.003171428571428571,0.7142857142857143
2020-09-06,350.0,8.25,233.25,64.25,0.18869999999999998,1.0
2020-09-07,286.5833333333333,6.5,87.5,80.33333333333333,0.4885916666666667,1.0
2020-09-08,450.75,40.75,214.375,319.6875,0.221671875,0.8125
2020-09-09,192.42857142857142,3.2857142857142856,30.428571428571427,43.42857142857143,0.4280857142857143,1.0
2020-09-10,379.42857142857144,29.142857142857142,138.14285714285714,849.7142857142857,0.3539,1.0
2020-09-11,284.8333333333333,4.666666666666667,58.333333333333336,79.16666666666667,0.3264666666666667,0.6666666666666666
2020-09-12,370.5,7.75,167.75,103.25,0.085,1.0
2020-09-13,90.8,1.0,21.5,28.6,0.07615000000000001,1.0
2020-09-14,330.57142857142856,8.285714285714286,68.71428571428571,94.57142857142857,0.3814714285714286,1.0
2020-09-15,160.14285714285714,3.0,32.714285714285715,58.857142857142854,0.3246714285714286,1.0
2020-09-16,117.66666666666667,0.8888888888888888,21.444444444444443,23.22222222222222,0.29387777777777774,1.0
2020-09-17,277.22222222222223,6.111111111111111,68.11111111111111,473.44444444444446,0.3774333333333334,1.0
2020-09-18,2606.5,368.75,3564.0,2633.0,0.22125,1.0
2020-09-19,319.3333333333333,3.3333333333333335,49.333333333333336,97.0,0.11686666666666667,1.0
2020-09-20,1022.0,39.5,758.5,388.0,0.36345,1.0
2020-09-21,256.875,2.75,66.125,56.375,0.243125,1.0
2020-09-22,1072.5555555555557,322.22222222222223,508.8888888888889,732.8888888888889,0.23702222222222222,1.0
2020-09-23,179.45454545454547,7.818181818181818,89.36363636363636,95.9090909090909,0.0944,1.0
2020-09-24,306.0,7.166666666666667,71.83333333333333,54.166666666666664,0.2722333333333333,0.6666666666666666
2020-09-25,309.0,3.1666666666666665,55.0,50.833333333333336,0.15535000000000002,1.0
2020-09-26,358.0,6.5,46.0,77.5,0.1806,1.0
2020-09-27,706.0,39.4,854.8,201.8,0.10697999999999999,1.0
2020-09-28,141.55555555555554,1.4444444444444444,35.666666666666664,29.0,0.06417777777777778,0.5555555555555556
2020-09-29,387.2857142857143,15.0,178.28571428571428,96.85714285714286,0.17947142857142856,0.7142857142857143
2020-09-30,487.25,19.75,271.625,146.125,0.194875,0.75
2020-10-01,241.0,3.5,46.0,49.25,0.078925,0.5
2020-10-02,1463.5,143.75,1658.0,1284.0,0.18582500000000002,0.5
2020-10-03,2672.5,528.1666666666666,3836.6666666666665,2658.8333333333335,0.25735,0.6666666666666666
2020-10-04,652.25,21.0,168.75,218.0,0.085,0.5
2020-10-05,1444.125,167.125,1571.375,1182.875,0.43908749999999996,1.0
2020-10-06,1987.3333333333333,234.33333333333334,1259.0,4810.666666666667,0.8243333333333333,1.0
2020-10-07,438.3333333333333,7.666666666666667,161.66666666666666,116.33333333333333,0.18023333333333333,0.6666666666666666
2020-10-08,523.75,9.375,145.25,459.0,0.151275,1.0
2020-10-09,1221.1666666666667,137.0,1096.1666666666667,1731.8333333333333,0.4568833333333333,1.0
2020-10-10,526.0,14.666666666666666,298.0,171.33333333333334,0.24080000000000001,1.0
2020-10-11,758.5,30.0,226.0,220.5,0.31195,1.0
2020-10-12,627.6,19.8,276.0,201.2,0.0,1.0
2020-10-13,1819.1666666666667,198.33333333333334,1479.0,1418.3333333333333,0.4967,1.0
2020-10-14,455.0,4.333333333333333,71.0,99.66666666666667,-0.07543333333333334,0.3333333333333333
2020-10-15,385.0,9.714285714285714,190.0,913.0,0.4019,1.0
2020-10-16,683.4285714285714,32.285714285714285,419.85714285714283,188.0,0.27175714285714286,0.7142857142857143
2020-10-17,428.0,8.4,136.4,101.6,0.60682,1.0
2020-10-18,609.0,16.25,175.0,165.5,0.53705,1.0
2020-10-19,1419.6666666666667,150.77777777777777,701.4444444444445,903.7777777777778,0.4499,1.0
2020-10-20,407.7142857142857,15.857142857142858,139.71428571428572,543.2857142857143,0.47904285714285716,1.0
2020-10-21,583.2,11.8,84.4,146.4,0.52876,1.0
2020-10-22,453.6666666666667,16.166666666666668,107.16666666666667,90.5,0.15421666666666667,1.0
2020-10-23,492.0,11.0,81.0,75.0,0.2023,1.0
2020-10-25,282.0,12.0,167.0,101.75,0.46672500000000006,1.0
2020-10-26,1242.0,363.0,1333.0,1025.75,0.3556,1.0
2020-10-27,373.2,13.2,122.6,74.6,0.34408,1.0
2020-10-28,195.0,5.4,68.4,36.8,0.38226000000000004,1.0
2020-10-29,271.5,9.25,83.75,67.75,0.2043,1.0
2020-10-30,323.75,14.25,78.0,438.0,0.13595,0.5
2020-10-31,404.25,11.25,66.0,63.5,0.055875,1.0
2020-11-01,218.5,5.0,20.5,72.0,0.0,1.0
2020-11-02,94.33333333333333,2.0,18.11111111111111,25.0,0.22108888888888886,0.7777777777777778
2020-11-03,76.66666666666667,1.0666666666666667,13.0,10.266666666666667,0.16144,0.2
2020-11-04,16.757575757575758,0.30303030303030304,1.7272727272727273,10.303030303030303,0.3299484848484848,0.7575757575757576
2020-11-05,90.55813953488372,4.6976744186046515,19.093023255813954,121.18604651162791,0.16605813953488371,0.813953488372093
2020-11-06,114.05555555555556,16.944444444444443,25.666666666666668,26.666666666666668,0.40208888888888894,0.7777777777777778
2020-11-07,85.57142857142857,2.857142857142857,42.285714285714285,10.285714285714286,0.12750714285714285,0.5714285714285714
2020-11-08,66.07142857142857,5.0,0.21428571428571427,13.5,0.24629285714285715,0.7142857142857143
2020-11-09,55.61538461538461,1.2307692307692308,16.0,6.076923076923077,0.21031153846153844,0.6153846153846154
2020-11-10,252.10526315789474,32.1578947368421,81.15789473684211,217.47368421052633,0.22761052631578949,0.5789473684210527
2020-11-11,63.17391304347826,1.2608695652173914,7.739130434782608,10.217391304347826,-0.11191304347826087,0.30434782608695654
2020-11-12,114.0,7.833333333333333,53.125,119.41666666666667,0.07649583333333335,0.4166666666666667
2020-11-13,74.92105263157895,11.447368421052632,24.05263157894737,172.68421052631578,0.18434473684210528,0.5789473684210527
2020-11-14,95.27777777777777,1.8888888888888888,17.166666666666668,37.611111111111114,0.20730555555555555,0.5555555555555556
2020-11-15,65.29166666666667,1.5,6.208333333333333,32.375,0.0691375,0.3333333333333333
2020-11-16,72.02941176470588,1.7058823529411764,5.720588235294118,276.13235294117646,0.09235882352941177,0.4411764705882353
2020-11-17,54.614285714285714,1.0285714285714285,5.042857142857143,7.5285714285714285,0.18495142857142857,0.5714285714285714
2020-11-18,85.65384615384616,23.442307692307693,21.192307692307693,58.57692307692308,0.08925192307692308,0.34615384615384615
2020-11-19,52.61702127659574,1.3829787234042554,6.851063829787234,22.872340425531913,0.17321063829787234,0.6595744680851063
2020-11-20,87.0909090909091,5.75,61.31818181818182,26.15909090909091,0.2147159090909091,0.6818181818181818
2020-11-21,22.352941176470587,0.29411764705882354,3.1470588235294117,111.91176470588235,0.13011764705882353,0.35294117647058826
2020-11-22,171.0,2.5,13.0,30.0,0.196125,1.0
2020-11-23,57.86486486486486,1.7567567567567568,9.972972972972974,10.81081081081081,0.11542972972972973,0.8378378378378378
2020-11-24,247.42424242424244,4.575757575757576,13.848484848484848,22.90909090909091,0.31753939393939395,0.8787878787878788
2020-11-25,162.33333333333334,19.166666666666668,24.766666666666666,114.46666666666667,0.13912333333333335,0.6666666666666666
2020-11-26,115.24137931034483,3.103448275862069,10.724137931034482,17.03448275862069,0.2945551724137931,0.8620689655172413
2020-11-27,98.76744186046511,5.046511627906977,67.20930232558139,373.8837209302326,0.09759767441860465,0.4883720930232558
2020-11-28,71.76923076923077,2.8974358974358974,27.41025641025641,214.76923076923077,0.08483589743589744,0.3333333333333333
2020-11-29,12.045454545454545,0.36363636363636365,1.4090909090909092,3479.1363636363635,0.12290909090909091,0.6363636363636364
2020-11-30,116.92537313432835,11.402985074626866,21.52238805970149,81.07462686567165,0.14814925373134327,0.40298507462686567
2020-12-01,134.42372881355934,3.406779661016949,7.627118644067797,18.47457627118644,0.12490338983050847,0.3559322033898305
2020-12-02,64.88679245283019,1.8113207547169812,15.69811320754717,25.39622641509434,0.11902641509433963,0.4339622641509434
2020-12-03,71.97101449275362,1.9420289855072463,6.6231884057971016,20.463768115942027,0.1597695652173913,0.5942028985507246
2020-12-04,115.72340425531915,24.95744680851064,51.829787234042556,308.25531914893617,0.24516808510638297,0.7446808510638298
2020-12-05,41.2,1.3428571428571427,4.628571428571429,844.6285714285714,0.3580285714285714,0.8285714285714286
2020-12-06,65.7816091954023,1.7126436781609196,7.011494252873563,13.632183908045977,0.2362632183908046,0.6781609195402298
2020-12-07,40.22727272727273,1.4090909090909092,22.818181818181817,20.09090909090909,0.2426340909090909,0.7727272727272727
2020-12-08,72.31666666666666,2.466666666666667,10.066666666666666,13.1,0.21208166666666667,0.6666666666666666
2020-12-09,68.42222222222222,1.8666666666666667,13.088888888888889,21.066666666666666,0.29689333333333334,0.7777777777777778
2020-12-10,63.479166666666664,2.7916666666666665,14.958333333333334,20.3125,0.09766041666666668,0.4583333333333333
2020-12-11,257.96078431372547,63.8235294117647,298.3921568627451,218.76470588235293,0.13819607843137255,0.4117647058823529
2020-12-12,44.24324324324324,1.2432432432432432,6.378378378378378,55.351351351351354,0.19043513513513513,0.5135135135135135
2020-12-13,52.075471698113205,1.1886792452830188,5.377358490566038,11.924528301886792,0.14756792452830186,0.2830188679245283
2020-12-14,62.47222222222222,1.6111111111111112,5.180555555555555,93.97222222222223,0.18489999999999998,0.6944444444444444
2020-12-15,64.75,2.013157894736842,8.289473684210526,73.05263157894737,0.13711578947368422,0.5
2020-12-16,166.5076923076923,2.753846153846154,15.861538461538462,101.70769230769231,0.17016,0.6
2020-12-17,77.82089552238806,2.8208955223880596,34.59701492537314,207.22388059701493,0.1969716417910448,0.7313432835820896
2020-12-18,204.46428571428572,8.80952380952381,36.976190476190474,60.32142857142857,0.0707297619047619,0.42857142857142855
2020-12-19,153.05,3.525,26.6,79.175,0.2371175,0.7
2020-12-20,59.37837837837838,0.8108108108108109,11.85135135135135,55.770270270270274,0.10289324324324324,0.4864864864864865
2020-12-21,107.66666666666667,15.883333333333333,36.18333333333333,194.05,0.10281416666666666,0.38333333333333336
2020-12-22,158.87777777777777,33.91111111111111,73.12222222222222,237.83333333333334,0.13411777777777778,0.5555555555555556
2020-12-23,90.05747126436782,2.2758620689655173,38.88505747126437,161.3448275862069,0.11864252873563218,0.42528735632183906
2020-12-24,113.1734693877551,1.4285714285714286,7.683673469387755,147.6326530612245,0.20168775510204082,0.5714285714285714
2020-12-25,63.370370370370374,0.7037037037037037,5.481481481481482,13.018518518518519,0.2028851851851852,0.5555555555555556
2020-12-26,121.04651162790698,1.4186046511627908,16.906976744186046,19.88372093023256,0.16564186046511628,0.5813953488372093
2020-12-27,87.29807692307692,3.0865384615384617,9.932692307692308,37.57692307692308,0.1817701923076923,0.8076923076923077
2020-12-28,30.67763157894737,0.3618421052631579,2.763157894736842,5.855263157894737,0.015282894736842105,0.3157894736842105
2020-12-29,42.79746835443038,0.5949367088607594,14.79746835443038,13.468354430379748,0.09790253164556961,0.46835443037974683
2020-12-30,49.64,0.36,7.8,14.22,0.242666,0.6
2020-12-31,92.61764705882354,0.9705882352941176,11.0,56.0,0.34195294117647057,0.8235294117647058
2021-01-01,107.98214285714286,0.9107142857142857,10.160714285714286,89.14285714285714,0.1208517857142857,0.5
2021-01-02,98.1875,1.0625,13.916666666666666,101.91666666666667,0.24205,0.7916666666666666
2021-01-03,366.5,5.595238095238095,31.80952380952381,571.5952380952381,0.18813333333333335,0.5238095238095238
2021-01-04,80.03174603174604,1.0634920634920635,10.0,40.82539682539682,0.12517301587301588,0.5873015873015873
2021-01-05,65.85714285714286,0.7142857142857143,10.206349206349206,74.93650793650794,0.18466984126984126,0.49206349206349204
2021-01-06,145.1764705882353,3.0980392156862746,20.019607843137255,85.19607843137256,0.1536921568627451,0.6470588235294118
2021-01-07,198.8095238095238,4.0476190476190474,20.476190476190474,56.54761904761905,0.19819761904761907,0.7619047619047619
2021-01-08,82.06,16.12,33.48,605.38,0.22109600000000001,0.76
2021-01-09,140.1153846153846,1.3461538461538463,15.307692307692308,496.84615384615387,0.1016,0.46153846153846156
2021-01-10,121.93103448275862,1.1379310344827587,17.20689655172414,36.758620689655174,0.08626896551724138,0.6551724137931034
2021-01-11,84.13953488372093,0.7441860465116279,9.465116279069768,318.06976744186045,0.21463720930232558,0.6744186046511628
2021-01-12,113.04444444444445,2.6444444444444444,30.333333333333332,203.77777777777777,0.18797333333333333,0.6
2021-01-13,107.275,19.025,61.075,66.4,0.060507500000000006,0.7
2021-01-14,129.83018867924528,3.30188679245283,26.81132075471698,36.0188679245283,0.12264905660377358,0.5471698113207547
2021-01-15,139.66153846153847,9.6,77.35384615384615,100.84615384615384,0.12220923076923076,0.5076923076923077
2021-01-16,121.20833333333333,1.125,12.583333333333334,16.958333333333332,0.10905833333333333,0.5
2021-01-17,119.0,1.3181818181818181,17.40909090909091,17.045454545454547,0.16730454545454546,0.8181818181818182
2021-01-18,93.07272727272728,0.8363636363636363,12.672727272727272,1067.3454545454545,0.005359999999999996,0.38181818181818183
2021-01-19,219.36,2.86,27.1,65.18,0.258306,0.6
2021-01-20,109.42105263157895,1.0789473684210527,14.710526315789474,219.60526315789474,0.11423684210526314,0.5263157894736842
2021-01-21,264.1029411764706,5.411764705882353,8.919117647058824,1220.514705882353,-0.052336029411764705,0.04411764705882353
2021-01-22,526.3103448275862,182.20689655172413,189.72413793103448,207.86206896551724,0.16032758620689655,0.5862068965517241
2021-01-23,111.5909090909091,1.3636363636363635,13.045454545454545,31.59090909090909,0.05356818181818182,0.45454545454545453
2021-01-24,70.05263157894737,0.5789473684210527,13.631578947368421,13.263157894736842,0.034100000000000005,0.5789473684210527
2021-01-25,221.73076923076923,9.153846153846153,86.61538461538461,91.96153846153847,0.2515038461538462,0.8461538461538461
2021-01-26,100.28571428571429,2.857142857142857,12.214285714285714,321.2857142857143,0.39814285714285713,1.0
2021-01-27,374.1904761904762,16.047619047619047,65.04761904761905,319.8095238095238,0.16794761904761904,0.6190476190476191
2021-01-28,896.5084745762712,121.20338983050847,387.5593220338983,13129.06779661017,0.10343050847457627,0.559322033898305
2021-01-29,431.4193548387097,6.225806451612903,46.903225806451616,2854.2580645161293,0.13236935483870965,0.6451612903225806
2021-01-30,302.4583333333333,16.5,78.25,280.7083333333333,0.2853791666666667,0.6666666666666666
2021-01-31,119.96296296296296,0.9629629629629629,13.296296296296296,57.81481481481482,0.004618518518518516,0.3333333333333333
2021-02-01,87.375,1.55,13.4,182.775,0.09153249999999999,0.55
2021-02-02,190.3,2.1666666666666665,12.533333333333333,88.2,0.059976666666666664,0.4666666666666667
2021-02-03,338.5833333333333,4.916666666666667,48.5,52.75,0.17228333333333334,0.6666666666666666
2021-02-04,241.07407407407408,4.62962962962963,28.62962962962963,56.18518518518518,0.03823333333333334,0.5555555555555556
2021-02-05,213.9041095890411,8.73972602739726,40.84931506849315,247.1095890410959,-0.10971643835616438,0.1780821917808219
2021-02-06,122.72549019607843,0.8627450980392157,19.333333333333332,82.3529411764706,0.14091176470588238,0.5686274509803921
2021-02-07,79.65625,1.1875,41.53125,5.3125,0.15591875,0.4375
2021-02-08,270.9767441860465,7.8604651162790695,38.23255813953488,161.72093023255815,0.2512232558139535,0.8604651162790697
2021-02-09,357.03125,4.875,53.875,62.21875,0.301778125,0.6875
2021-02-10,190.55882352941177,2.764705882352941,37.029411764705884,99.55882352941177,0.22742941176470588,0.6470588235294118
2021-02-11,202.3421052631579,1.8421052631578947,18.57894736842105,73.15789473684211,0.22478157894736844,0.8421052631578947
2021-02-12,199.75757575757575,1.4242424242424243,27.12121212121212,26.848484848484848,0.20856363636363637,0.7575757575757576
2021-02-13,256.6470588235294,7.323529411764706,344.2647058823529,217.73529411764707,0.07162058823529413,0.47058823529411764
2021-02-14,702.1,8.4,104.5,267.8,0.25173999999999996,0.6
2021-02-15,273.07142857142856,1.9285714285714286,34.357142857142854,36.0,0.2265392857142857,0.7142857142857143
2021-02-16,161.0909090909091,1.3863636363636365,17.34090909090909,240.86363636363637,0.30784772727272725,0.8181818181818182
2021-02-17,147.91304347826087,1.7826086956521738,19.52173913043478,13.434782608695652,0.22187826086956522,0.7391304347826086
2021-02-18,339.0882352941176,2.823529411764706,36.73529411764706,56.588235294117645,0.31157058823529415,0.7647058823529411
2021-02-19,451.7368421052632,12.105263157894736,113.3157894736842,203.42105263157896,0.27171578947368424,0.7894736842105263
2021-02-20,67.61538461538461,0.6153846153846154,8.153846153846153,20.076923076923077,0.1452153846153846,0.8461538461538461
2021-02-21,430.2903225806452,6.548387096774194,40.806451612903224,174.7741935483871,0.30692258064516126,0.6774193548387096
2021-02-22,168.35135135135135,1.4594594594594594,13.891891891891891,39.648648648648646,0.13263243243243245,0.6216216216216216
2021-02-23,595.75,4.6,39.75,112.8,0.31527,0.8
2021-02-24,1482.7169811320755,35.056603773584904,80.22641509433963,369.07547169811323,0.2633622641509434,0.8113207547169812
2021-02-25,740.828125,6.046875,23.453125,458.484375,-0.0470515625,0.21875
2021-02-26,878.15625,21.34375,51.03125,192.40625,0.246784375,0.6875
2021-02-27,1391.3684210526317,15.263157894736842,38.31578947368421,190.57894736842104,0.23943684210526314,0.8947368421052632
2021-02-28,1318.875,29.625,39.666666666666664,204.5,0.2956666666666667,0.9166666666666666
2021-03-01,784.3555555555556,6.466666666666667,40.62222222222222,89.6,0.22926222222222223,0.6888888888888889
2021-03-02,1066.1363636363637,10.727272727272727,38.54545454545455,126.95454545454545,0.1734,0.6363636363636364
2021-03-03,848.6,12.545454545454545,33.345454545454544,151.03636363636363,0.11147454545454545,0.6
2021-03-04,786.3255813953489,7.186046511627907,29.023255813953487,134.41860465116278,0.18860697674418603,0.813953488372093
2021-03-05,465.1111111111111,4.650793650793651,19.317460317460316,69.4920634920635,0.25794285714285714,0.7142857142857143
2021-03-06,568.4074074074074,11.648148148148149,28.51851851851852,90.22222222222223,0.1789611111111111,0.6666666666666666
2021-03-07,956.7391304347826,8.0,34.608695652173914,153.2608695652174,0.01458260869565217,0.5652173913043478
2021-03-08,936.8787878787879,11.151515151515152,35.515151515151516,136.45454545454547,0.1891030303030303,0.7575757575757576
2021-03-09,693.59375,6.859375,22.0,1534.0,0.15664999999999998,0.46875
2021-03-10,778.6315789473684,5.7894736842105265,21.526315789473685,101.10526315789474,0.1837842105263158,0.7368421052631579
2021-03-11,755.2686567164179,7.7611940298507465,26.059701492537314,99.23880597014926,0.1860134328358209,0.7910447761194029
2021-03-12,833.3157894736842,10.75438596491228,29.05263157894737,115.3859649122807,0.21515614035087718,0.8245614035087719
2021-03-13,903.7777777777778,10.488888888888889,34.82222222222222,132.8,0.19661111111111113,0.7777777777777778
2021-03-14,704.68,8.54,29.14,659.06,0.22187400000000002,0.84
2021-03-15,1191.3939393939395,26.696969696969695,43.03030303030303,202.15151515151516,0.22516969696969696,0.8787878787878788
2021-03-16,990.5,12.15625,31.65625,179.84375,0.219553125,0.9375
2021-03-17,800.3191489361702,9.212765957446809,33.5531914893617,152.53191489361703,0.20416382978723405,0.7872340425531915
2021-03-18,791.304347826087,11.369565217391305,40.04347826086956,140.5,0.2282,0.7391304347826086
2021-03-19,556.5135135135135,8.64864864864865,28.054054054054053,91.1891891891892,0.31846216216216217,0.9459459459459459
2021-03-20,898.2307692307693,12.923076923076923,35.17948717948718,146.07692307692307,0.2683230769230769,0.7435897435897436
2021-03-21,322.9259259259259,5.62962962962963,14.666666666666666,60.370370370370374,0.27032407407407405,0.8518518518518519
2021-03-22,370.32394366197184,7.295774647887324,16.887323943661972,61.53521126760563,0.27852394366197186,0.6338028169014085
2021-03-23,854.3076923076923,9.333333333333334,39.205128205128204,105.28205128205128,0.09183333333333334,0.6923076923076923
2021-03-24,899.1296296296297,12.833333333333334,27.64814814814815,158.37037037037038,0.14492222222222223,0.7037037037037037
2021-03-25,891.0727272727273,15.563636363636364,213.47272727272727,120.43636363636364,0.27514363636363637,0.8545454545454545
2021-03-26,770.3478260869565,10.26086956521739,32.97826086956522,100.58695652173913,0.24124782608695652,0.6956521739130435
2021-03-27,789.2285714285714,10.485714285714286,26.057142857142857,138.71428571428572,0.10177999999999998,0.6571428571428571
2021-03-28,422.2,3.65,18.475,59.725,0.1732675,0.7
2021-03-29,834.0277777777778,9.305555555555555,45.80555555555556,119.33333333333333,0.3507222222222222,0.9444444444444444
2021-03-30,936.421052631579,16.605263157894736,91.94736842105263,171.94736842105263,0.23549473684210528,0.7368421052631579
2021-03-31,885.5,15.272727272727273,45.40909090909091,134.02272727272728,0.3061068181818182,0.9090909090909091
2021-04-01,693.2,6.371428571428571,29.485714285714284,94.6,0.21870857142857142,0.5428571428571428
2021-04-02,462.8780487804878,7.7317073170731705,20.878048780487806,83.78048780487805,0.15110731707317074,0.5609756097560976
2021-04-03,629.8666666666667,8.133333333333333,35.1,143.1,0.32354333333333335,1.0
2021-04-04,1163.75,19.09375,58.46875,198.3125,0.12881875,0.75
2021-04-05,678.9705882352941,11.735294117647058,30.058823529411764,109.3529411764706,0.0796264705882353,0.7058823529411765
2021-04-06,777.0217391304348,10.021739130434783,31.043478260869566,133.2608695652174,0.15468043478260868,0.8695652173913043
2021-04-07,471.95348837209303,7.813953488372093,20.41860465116279,74.5813953488372,0.2759395348837209,0.8604651162790697
2021-04-08,530.4615384615385,16.192307692307693,30.71153846153846,82.21153846153847,0.152725,0.7307692307692307
2021-04-09,700.8,9.181818181818182,34.945454545454545,99.01818181818182,0.20494727272727273,0.6363636363636364
2021-04-10,1048.2173913043478,18.32608695652174,40.43478260869565,254.8913043478261,0.22678260869565217,0.6521739130434783
2021-04-11,706.8965517241379,10.551724137931034,26.379310344827587,218.10344827586206,0.2768965517241379,0.8620689655172413
2021-04-12,1398.8461538461538,26.71794871794872,273.61538461538464,392.1794871794872,0.11572051282051284,0.6410256410256411
2021-04-13,1863.3666666666666,40.86666666666667,93.23333333333333,338.23333333333335,0.24978333333333333,0.7333333333333333
2021-04-14,1360.8703703703704,25.40740740740741,44.870370370370374,291.77777777777777,0.3175092592592592,0.7407407407407407
2021-04-15,722.1818181818181,24.0,39.88636363636363,138.4090909090909,0.12407727272727274,0.5
2021-04-16,1633.0454545454545,19.454545454545453,42.5,255.72727272727272,0.31287272727272725,0.8181818181818182
2021-04-17,1039.2307692307693,18.73076923076923,88.96153846153847,812.7307692307693,0.07642692307692307,0.46153846153846156
2021-04-18,724.2777777777778,13.777777777777779,43.111111111111114,452.6666666666667,0.0749,0.5555555555555556
2021-04-19,874.0263157894736,12.31578947368421,29.763157894736842,151.81578947368422,0.14730000000000001,0.6842105263157895
2021-04-20,675.8536585365854,8.365853658536585,42.90243902439025,111.70731707317073,0.21594146341463416,0.6585365853658537
2021-04-21,669.2692307692307,7.538461538461538,38.76923076923077,106.46153846153847,0.11613461538461538,0.6153846153846154
2021-04-22,1605.8260869565217,68.6086956521739,451.6521739130435,669.304347826087,0.05890000000000001,0.6521739130434783
2021-04-23,899.3157894736842,12.631578947368421,52.05263157894737,136.0,0.25771052631578945,0.6842105263157895
2021-04-24,878.0,9.15,45.0,335.1,0.100355,0.5
2021-04-25,902.0869565217391,9.391304347826088,38.0,121.26086956521739,0.1207217391304348,0.4782608695652174
2021-04-26,1869.78125,34.9375,89.03125,373.625,0.23426875,0.625
2021-04-27,1416.342105263158,14.236842105263158,53.31578947368421,159.05263157894737,0.12881842105263158,0.631578947368421
2021-04-28,951.2285714285714,20.457142857142856,53.34285714285714,173.74285714285713,0.21505142857142856,0.6
2021-04-29,946.5454545454545,11.318181818181818,53.95454545454545,133.6818181818182,0.28405454545454545,0.7272727272727273
2021-04-30,1059.9545454545455,17.272727272727273,324.45454545454544,157.4090909090909,0.3250863636363637,0.9090909090909091
2021-05-01,958.2692307692307,12.576923076923077,31.26923076923077,141.76923076923077,0.08558461538461538,0.46153846153846156
2021-05-02,1011.8571428571429,8.228571428571428,66.8,125.4,0.16125142857142857,0.7142857142857143
2021-05-03,1546.12,20.84,60.44,231.72,0.18999200000000002,0.92
2021-05-04,1239.8636363636363,14.727272727272727,45.0,208.4090909090909,0.31283181818181816,1.0
2021-05-05,712.5151515151515,10.848484848484848,29.78787878787879,107.9090909090909,0.11734242424242425,0.5151515151515151
2021-05-06,1182.8333333333333,12.625,58.583333333333336,153.29166666666666,0.14615416666666667,0.75
2021-05-07,908.0625,12.0,36.8125,130.71875,0.349815625,0.875
2021-05-08,1146.5,26.045454545454547,102.54545454545455,199.3181818181818,0.28914545454545454,0.7272727272727273
2021-05-09,1510.5384615384614,20.76923076923077,104.0,217.76923076923077,0.22502307692307694,0.6923076923076923
2021-05-10,1476.3125,31.75,77.375,209.4375,0.0579875,0.75
2021-05-11,1537.607142857143,17.178571428571427,81.5,175.78571428571428,0.1507035714285714,0.7857142857142857
2021-05-12,1315.4516129032259,16.225806451612904,90.03225806451613,175.06451612903226,0.20326129032258064,0.7419354838709677
2021-05-13,1157.275,10.375,50.125,262.225,0.215285,0.6
2021-05-14,1900.4285714285713,21.228571428571428,85.68571428571428,220.0,0.2757257142857143,0.7714285714285715
2021-05-15,744.7142857142857,13.877551020408163,34.3469387755102,97.10204081632654,0.29554489795918365,0.5918367346938775
2021-05-16,1298.25,13.61111111111111,57.833333333333336,148.94444444444446,0.22269444444444442,0.7222222222222222
2021-05-17,1012.7435897435897,11.0,56.51282051282051,139.53846153846155,0.08676666666666667,0.4358974358974359
2021-05-18,813.7045454545455,12.681818181818182,41.22727272727273,559.6590909090909,0.18665,0.7272727272727273
2021-05-19,2465.0434782608695,51.84782608695652,98.26086956521739,567.0434782608696,0.14438478260869567,0.6086956521739131
2021-05-20,1525.76,19.8,61.56,334.16,0.257592,0.68
2021-05-21,1305.6904761904761,14.404761904761905,56.38095238095238,222.6904761904762,0.1322642857142857,0.6666666666666666
2021-05-22,1814.423076923077,26.576923076923077,44.80769230769231,314.53846153846155,0.10852307692307693,0.6153846153846154
2021-05-23,628.64,4.72,23.56,104.92,0.11610000000000001,0.44
2021-05-24,848.7837837837837,10.783783783783784,41.24324324324324,361.2432432432432,0.24734594594594594,0.7297297297297297
2021-05-25,828.125,9.35,31.825,118.15,0.26325750000000003,0.75
2021-05-26,1213.188679245283,26.547169811320753,53.679245283018865,210.96226415094338,0.14307358490566038,0.5849056603773585
2021-05-27,703.6981132075472,11.264150943396226,33.62264150943396,140.66037735849056,0.2883377358490566,0.7358490566037735
2021-05-28,784.3846153846154,12.057692307692308,32.40384615384615,144.6346153846154,0.09840576923076923,0.7692307692307693
2021-05-29,837.6111111111111,9.555555555555555,48.333333333333336,132.61111111111111,0.25625555555555557,0.6666666666666666
2021-05-30,1219.2962962962963,15.74074074074074,43.592592592592595,171.92592592592592,0.11631481481481483,0.6296296296296297
2021-05-31,1068.5116279069769,15.953488372093023,40.97674418604651,176.27906976744185,0.13704418604651164,0.7209302325581395
2021-06-01,639.8,18.2,31.25,178.125,0.25207250000000003,0.65
2021-06-02,502.4,6.6,30.472727272727273,79.0909090909091,0.13833636363636365,0.7090909090909091
2021-06-03,1002.0,16.0,42.0,174.70833333333334,0.14205833333333334,0.75
2021-06-04,1825.423076923077,14.807692307692308,62.03846153846154,670.3076923076923,0.1502153846153846,0.5384615384615384
2021-06-05,1702.235294117647,30.41176470588235,43.85294117647059,351.88235294117646,0.15525,0.7058823529411765
2021-06-06,1605.409090909091,16.227272727272727,36.27272727272727,265.72727272727275,0.17858181818181817,0.7272727272727273
2021-06-07,1642.375,20.4375,53.4375,412.0625,0.08975,0.5625
2021-06-08,786.9242424242424,14.848484848484848,26.21212121212121,157.1969696969697,0.19039242424242422,0.8181818181818182
2021-06-09,1374.0260869565218,26.808695652173913,41.17391304347826,238.76521739130436,0.2423104347826087,0.7913043478260869
2021-06-10,1394.3260869565217,22.608695652173914,50.26086956521739,266.32608695652175,0.27444347826086957,0.782608695652174
2021-06-11,1221.2903225806451,17.193548387096776,30.93548387096774,206.5483870967742,0.16167096774193548,0.4838709677419355
2021-06-12,1448.1785714285713,19.321428571428573,47.67857142857143,861.0357142857143,0.24776428571428571,0.7857142857142857
2021-06-13,2393.5454545454545,47.54545454545455,75.72727272727273,515.8181818181819,0.3277590909090909,0.7272727272727273
2021-06-14,955.8035714285714,12.232142857142858,40.232142857142854,154.66071428571428,0.1701,0.7142857142857143
2021-06-15,716.7222222222222,11.203703703703704,34.851851851851855,111.5925925925926,0.17672222222222225,0.7777777777777778
2021-06-16,646.36,10.52,33.98,149.66,0.27925,0.92
2021-06-17,1119.5348837209303,18.88372093023256,39.27906976744186,237.13953488372093,0.20533488372093023,0.627906976744186
2021-06-18,1233.3793103448277,15.068965517241379,44.62068965517241,423.6551724137931,0.19692413793103447,0.8620689655172413
2021-06-19,939.9117647058823,19.058823529411764,50.61764705882353,178.11764705882354,0.22492058823529412,0.8235294117647058
2021-06-20,1766.8235294117646,28.058823529411764,56.294117647058826,300.4117647058824,0.24351764705882353,0.8823529411764706
2021-06-21,890.5294117647059,10.117647058823529,32.98039215686274,165.49019607843138,0.16555294117647057,0.6470588235294118
2021-06-22,379.14,10.52,20.04,201.42,0.10500999999999999,0.44
2021-06-23,985.7647058823529,16.852941176470587,33.6764705882353,388.20588235294116,0.09618823529411764,0.6470588235294118
2021-06-24,1029.2142857142858,34.095238095238095,53.214285714285715,247.95238095238096,0.1928,0.5238095238095238
2021-06-25,1319.135593220339,35.6271186440678,53.186440677966104,252.08474576271186,0.20243898305084745,0.7627118644067796
2021-06-26,482.4782608695652,7.6521739130434785,40.17391304347826,131.43478260869566,0.17723478260869563,0.4782608695652174
2021-06-27,1851.8,29.32,70.12,295.0,0.192324,0.68
2021-06-28,724.622641509434,14.50943396226415,62.132075471698116,115.09433962264151,0.36791320754716983,0.7735849056603774
2021-06-29,654.2727272727273,11.5,37.47727272727273,116.5,0.23174090909090908,0.8181818181818182
2021-06-30,853.9024390243902,23.951219512195124,33.390243902439025,221.46341463414635,0.3081341463414634,0.8536585365853658
2021-07-01,691.6666666666666,12.256410256410257,37.205128205128204,125.05128205128206,0.12142307692307693,0.7435897435897436
2021-07-02,552.8125,10.770833333333334,44.291666666666664,112.14583333333333,0.26881875,0.8333333333333334
2021-07-03,599.125,7.208333333333333,35.791666666666664,216.375,0.16810833333333333,0.6666666666666666
2021-07-04,1394.3529411764705,20.647058823529413,73.58823529411765,262.47058823529414,0.1761470588235294,0.7647058823529411
2021-07-05,604.0370370370371,9.0,46.22222222222222,113.07407407407408,0.2205185185185185,0.8518518518518519
2021-07-06,401.1967213114754,5.409836065573771,26.311475409836067,78.54098360655738,0.1963344262295082,0.7377049180327869
2021-07-07,490.8333333333333,9.472222222222221,34.888888888888886,102.5,0.29688333333333333,0.8888888888888888
2021-07-08,553.3617021276596,8.0,40.53191489361702,94.02127659574468,0.26997021276595745,0.8723404255319149
2021-07-09,651.8297872340426,9.106382978723405,41.06382978723404,104.74468085106383,0.1893659574468085,0.7021276595744681
2021-07-10,506.44444444444446,4.111111111111111,54.5,61.666666666666664,0.17994999999999997,0.6666666666666666
2021-07-11,339.75,3.2777777777777777,24.0,53.0,0.12435833333333332,0.6111111111111112
2021-07-12,346.1818181818182,5.886363636363637,33.02272727272727,68.56818181818181,0.11637499999999999,0.6363636363636364
2021-07-13,257.8703703703704,2.7222222222222223,22.27777777777778,56.24074074074074,0.18657222222222222,0.6666666666666666
2021-07-14,357.4032258064516,10.241935483870968,30.758064516129032,74.43548387096774,0.1740951612903226,0.6774193548387096
2021-07-15,487.531914893617,9.170212765957446,39.5531914893617,87.27659574468085,0.3432851063829787,0.7021276595744681
2021-07-16,301.35483870967744,8.32258064516129,25.225806451612904,71.93548387096774,0.26719354838709675,0.8709677419354839
2021-07-17,251.93333333333334,4.233333333333333,28.9,49.2,0.16038333333333335,0.8666666666666667
2021-07-18,749.952380952381,8.142857142857142,55.666666666666664,88.57142857142857,0.12751428571428572,0.6190476190476191
2021-07-19,601.1470588235294,8.676470588235293,48.73529411764706,99.61764705882354,0.2677176470588235,0.7058823529411765
2021-07-20,347.01785714285717,8.607142857142858,27.571428571428573,96.23214285714286,0.1470482142857143,0.6071428571428571
2021-07-21,1128.4347826086957,16.202898550724637,49.11594202898551,239.07246376811594,0.10992463768115943,0.6811594202898551
2021-07-22,319.225,5.775,20.975,84.225,0.1327625,0.65
2021-07-23,408.0,6.181818181818182,50.96363636363636,66.63636363636364,0.21009818181818182,0.6727272727272727
2021-07-24,1038.611111111111,8.11111111111111,65.44444444444444,87.94444444444444,0.15066388888888887,0.8333333333333334
2021-07-25,545.6904761904761,10.30952380952381,36.404761904761905,104.64285714285714,0.21323095238095238,0.5238095238095238
2021-07-26,615.9591836734694,6.653061224489796,33.714285714285715,81.59183673469387,0.11512040816326531,0.5918367346938775
2021-07-27,362.125,7.5,35.0,71.4,0.09726,0.6
2021-07-28,481.7647058823529,6.617647058823529,38.205882352941174,84.52941176470588,0.1454294117647059,0.5882352941176471
2021-07-29,571.4651162790698,9.976744186046512,54.604651162790695,129.53488372093022,0.22965116279069767,0.813953488372093
2021-07-30,640.1219512195122,11.512195121951219,64.36585365853658,255.70731707317074,0.12390487804878049,0.7560975609756098
2021-07-31,2016.7435897435898,364.87179487179486,401.61538461538464,4166.692307692308,0.20211794871794872,0.7435897435897436
2021-08-01,507.3225806451613,7.580645161290323,52.806451612903224,112.80645161290323,0.011741935483870961,0.41935483870967744
2021-08-02,235.69354838709677,3.096774193548387,23.35483870967742,175.38709677419354,0.1377983870967742,0.6451612903225806
2021-08-03,631.6935483870968,10.951612903225806,61.306451612903224,132.32258064516128,0.23612903225806453,0.7419354838709677
2021-08-04,508.3050847457627,10.067796610169491,35.16949152542373,101.13559322033899,0.24272372881355933,0.7288135593220338
2021-08-05,332.33898305084745,4.3559322033898304,27.406779661016948,64.28813559322033,0.19588474576271186,0.7966101694915254
2021-08-06,1000.6395348837209,18.25581395348837,40.54651162790697,360.9418604651163,0.15681744186046512,0.5813953488372093
2021-08-07,471.375,4.666666666666667,45.770833333333336,137.20833333333334,0.15492708333333333,0.5833333333333334
2021-08-08,326.8979591836735,2.4489795918367347,27.857142857142858,100.22448979591837,0.23852857142857145,0.673469387755102
2021-08-09,400.1639344262295,8.557377049180328,31.18032786885246,97.45901639344262,0.16494426229508197,0.5737704918032787
2021-08-10,272.65060240963857,4.36144578313253,48.27710843373494,144.7710843373494,0.27329277108433736,0.6867469879518072
2021-08-11,350.1666666666667,6.2407407407407405,28.074074074074073,96.25925925925925,0.14988333333333334,0.6666666666666666
2021-08-12,255.33928571428572,4.464285714285714,30.625,89.66071428571429,0.06806607142857143,0.5714285714285714
2021-08-13,208.7471264367816,2.6551724137931036,18.666666666666668,28.586206896551722,0.2501045977011494,0.9540229885057471
2021-08-14,567.1020408163265,8.224489795918368,38.87755102040816,214.22448979591837,0.1297612244897959,0.7142857142857143
2021-08-15,405.50847457627117,12.016949152542374,24.64406779661017,86.57627118644068,0.14475084745762712,0.6949152542372882
2021-08-16,488.2133333333333,5.786666666666667,33.413333333333334,87.90666666666667,0.20791733333333334,0.8133333333333334
2021-08-17,328.1847826086956,5.206521739130435,26.315217391304348,81.84782608695652,0.11697173913043478,0.5652173913043478
2021-08-18,587.0657894736842,57.723684210526315,282.67105263157896,290.55263157894734,0.1732434210526316,0.7894736842105263
2021-08-19,849.979381443299,24.628865979381445,59.93814432989691,159.28865979381445,0.15197628865979382,0.6701030927835051
2021-08-20,327.9035087719298,4.9298245614035086,29.56140350877193,159.2719298245614,0.2110622807017544,0.7368421052631579
2021-08-21,431.54237288135596,3.559322033898305,33.20338983050848,54.220338983050844,0.12950677966101695,0.7966101694915254
2021-08-22,812.9565217391304,4.260869565217392,60.0,97.82608695652173,0.31908260869565214,0.8260869565217391
2021-08-23,430.74038461538464,5.836538461538462,35.57692307692308,77.1923076923077,0.17952692307692308,0.75
2021-08-24,310.73118279569894,3.21505376344086,27.72043010752688,124.2258064516129,0.11846666666666666,0.6129032258064516
2021-08-25,392.2535211267606,5.633802816901408,47.28169014084507,94.40845070422536,0.15991267605633802,0.7183098591549296
2021-08-26,252.7549019607843,3.588235294117647,59.09803921568628,43.666666666666664,0.13810980392156863,0.8235294117647058
2021-08-27,283.25742574257424,4.099009900990099,32.9009900990099,42.62376237623762,0.18174554455445546,0.7821782178217822
2021-08-28,561.8125,5.703125,53.53125,82.78125,0.183996875,0.78125
2021-08-29,495.90909090909093,5.068181818181818,84.11363636363636,55.90909090909091,0.1503727272727273,0.6363636363636364
2021-08-30,347.56,4.51,42.94,52.8,0.07775599999999999,0.54
2021-08-31,492.55,8.8,76.78333333333333,105.68333333333334,0.22938833333333336,0.6666666666666666
2021-09-01,611.7857142857143,7.928571428571429,66.10714285714286,80.14285714285714,0.15403928571428574,0.7142857142857143
2021-09-02,395.10526315789474,6.456140350877193,36.80701754385965,58.578947368421055,0.14285438596491226,0.6842105263157895
2021-09-03,381.5820895522388,4.985074626865671,57.701492537313435,417.55223880597015,0.1910731343283582,0.6417910447761194
2021-09-04,684.4761904761905,5.380952380952381,62.857142857142854,120.0952380952381,0.3749571428571429,1.0
2021-09-05,643.2857142857143,5.828571428571428,68.65714285714286,80.48571428571428,0.11001714285714286,0.5428571428571428
2021-09-06,618.6428571428571,4.678571428571429,62.642857142857146,139.21428571428572,0.22231428571428571,0.5714285714285714
2021-09-07,883.1090909090909,22.472727272727273,52.92727272727273,170.4,0.31552,0.8545454545454545
2021-09-08,2335.4777777777776,66.74444444444444,152.87777777777777,320.6111111111111,0.1432377777777778,0.3111111111111111
2021-09-09,696.7735849056604,8.377358490566039,81.9245283018868,133.47169811320754,0.17319056603773586,0.6226415094339622
2021-09-10,698.0833333333334,14.479166666666666,187.08333333333334,219.125,0.2245625,0.5833333333333334
2021-09-11,645.9285714285714,13.285714285714286,169.5,211.35714285714286,0.22445238095238093,0.7619047619047619
2021-09-12,643.5862068965517,7.758620689655173,73.0,114.62068965517241,0.06771724137931036,0.2413793103448276
2021-09-13,395.17543859649123,7.649122807017544,57.59649122807018,207.82456140350877,0.13246666666666668,0.6842105263157895
2021-09-14,353.7282608695652,8.5,97.51086956521739,94.56521739130434,0.12929239130434783,0.7608695652173914
2021-09-15,586.639344262295,14.098360655737705,134.7377049180328,136.49180327868854,0.15067377049180328,0.5737704918032787
2021-09-16,714.5636363636364,17.454545454545453,136.4909090909091,265.8181818181818,0.2497090909090909,0.7818181818181819
2021-09-17,633.1224489795918,7.959183673469388,117.9795918367347,210.3469387755102,0.11882857142857142,0.673469387755102
2021-09-18,827.1515151515151,37.36363636363637,340.45454545454544,391.3030303030303,0.2849818181818182,0.696969696969697
2021-09-19,450.3939393939394,3.9393939393939394,77.66666666666667,70.57575757575758,0.2593212121212121,0.8181818181818182
2021-09-20,387.3623188405797,5.434782608695652,77.92753623188406,156.71014492753622,0.2200695652173913,0.6231884057971014
2021-09-21,617.1090909090909,20.636363636363637,131.94545454545454,247.3272727272727,0.2061309090909091,0.6363636363636364
2021-09-22,525.8571428571429,6.6571428571428575,98.77142857142857,276.0571428571429,0.34320285714285714,0.7714285714285715
2021-09-23,1247.8387096774193,28.129032258064516,111.3225806451613,241.67741935483872,0.21266774193548385,0.6774193548387096
2021-09-24,1014.5555555555555,23.666666666666668,167.11111111111111,561.3703703703703,0.2374925925925926,0.7037037037037037
2021-09-25,1133.7894736842106,8.947368421052632,130.47368421052633,600.7368421052631,0.24415789473684213,0.6842105263157895
2021-09-26,786.9591836734694,8.224489795918368,67.3061224489796,103.83673469387755,0.14190408163265306,0.7142857142857143
2021-09-27,461.231884057971,7.449275362318841,75.05797101449275,79.6231884057971,0.16965942028985506,0.7391304347826086
2021-09-28,607.025,5.375,96.1,87.25,0.28891999999999995,0.8
2021-09-29,593.2037037037037,7.407407407407407,99.87037037037037,140.0,0.2005611111111111,0.5925925925925926
2021-09-30,831.2926829268292,16.073170731707318,150.6341463414634,376.609756097561,0.17620975609756095,0.8048780487804879
2021-10-01,772.3012048192771,13.120481927710843,63.33734939759036,108.51807228915662,0.22122650602409638,0.7831325301204819
2021-10-02,556.8888888888889,7.092592592592593,46.2962962962963,72.46296296296296,0.1178351851851852,0.7777777777777778
2021-10-03,755.0612244897959,12.387755102040817,105.10204081632654,160.30612244897958,0.22681632653061226,0.6326530612244898
2021-10-04,649.8928571428571,6.0,80.32142857142857,94.73214285714286,0.26641785714285715,0.8214285714285714
2021-10-05,801.7118644067797,24.983050847457626,202.88135593220338,189.61016949152543,0.19840169491525425,0.6949152542372882
2021-10-06,401.4,14.976470588235294,64.75294117647059,78.74117647058823,0.16859882352941177,0.7411764705882353
2021-10-07,223.6949152542373,2.3163841807909606,27.406779661016948,45.186440677966104,0.11174350282485876,0.5932203389830508
2021-10-08,306.78723404255317,6.372340425531915,90.35106382978724,57.11702127659574,0.08814468085106383,0.5531914893617021
2021-10-09,627.55,12.85,149.95,137.75,0.1616425,0.7
2021-10-10,792.5,8.91304347826087,93.47826086956522,153.15217391304347,0.12110652173913043,0.6521739130434783
2021-10-11,420.3490566037736,5.915094339622642,61.160377358490564,68.66981132075472,0.21706415094339623,0.7735849056603774
2021-10-12,468.6666666666667,9.193548387096774,86.86021505376344,92.40860215053763,0.07403548387096774,0.5913978494623656
2021-10-13,479.35353535353534,13.343434343434344,62.27272727272727,84.39393939393939,0.18642525252525252,0.7575757575757576
2021-10-14,500.40506329113924,10.405063291139241,76.0632911392405,203.84810126582278,0.15393544303797468,0.7468354430379747
2021-10-15,514.0654205607476,9.766355140186915,89.44859813084112,162.18691588785046,0.11485981308411215,0.6822429906542056
2021-10-16,410.9154929577465,3.0985915492957745,50.605633802816904,56.16901408450704,0.08598028169014085,0.5774647887323944
2021-10-17,520.2153846153847,7.846153846153846,99.86153846153846,100.44615384615385,0.18475692307692307,0.7846153846153846
2021-10-18,422.1354166666667,5.177083333333333,74.69791666666667,76.15625,0.2583947916666667,0.7708333333333334
2021-10-19,380.8421052631579,6.977443609022556,84.23308270676692,77.53383458646617,0.10682857142857143,0.5939849624060151
2021-10-20,526.0336134453781,5.19327731092437,63.80672268907563,84.04201680672269,0.1591747899159664,0.7983193277310925
2021-10-21,541.0584415584416,9.207792207792208,92.0,95.07792207792208,0.1502012987012987,0.7532467532467533
2021-10-22,665.6119402985074,11.58955223880597,121.27611940298507,98.23880597014926,0.19583059701492536,0.8208955223880597
2021-10-23,677.3786407766991,8.330097087378642,87.29126213592232,529.757281553398,0.17989126213592233,0.8058252427184466
2021-10-24,625.52,7.706666666666667,81.73333333333333,141.34666666666666,0.17461866666666664,0.7333333333333333
2021-10-25,739.5631067961165,10.067961165048544,100.01941747572816,96.30097087378641,0.20520388349514562,0.8640776699029126
2021-10-26,564.4224598930481,8.88770053475936,78.94652406417113,100.50267379679144,0.11444973262032086,0.6577540106951871
2021-10-27,609.2545454545455,9.648484848484848,71.13939393939394,90.87878787878788,0.14223818181818182,0.6484848484848484
2021-10-28,542.5641025641025,6.955128205128205,76.2051282051282,146.69230769230768,0.15950384615384616,0.6282051282051282
2021-10-29,464.82738095238096,5.5476190476190474,63.041666666666664,73.56547619047619,0.12438571428571428,0.7380952380952381
2021-10-30,793.6347826086957,13.695652173913043,128.45217391304348,130.43478260869566,0.1981930434782609,0.7043478260869566
2021-10-31,635.25,7.54,84.21,113.01,0.21567799999999998,0.74
2021-11-01,931.4378698224853,10.834319526627219,80.98224852071006,130.52662721893492,0.11320828402366864,0.5384615384615384
2021-11-02,1076.2119565217392,16.97826086956522,104.69565217391305,197.4673913043478,0.14398097826086956,0.7065217391304348
2021-11-03,641.1762295081967,10.188524590163935,73.14754098360656,99.77049180327869,0.19760983606557378,0.7131147540983607
2021-11-04,594.4009009009009,9.423423423423424,72.58558558558559,105.12162162162163,0.19161666666666666,0.7837837837837838
2021-11-05,848.2333333333333,33.193333333333335,124.5,226.26,0.192138,0.76
2021-11-06,722.8880597014926,7.380597014925373,86.73134328358209,96.84328358208955,0.25165,0.8059701492537313
2021-11-07,613.6132075471698,11.60377358490566,108.81132075471699,115.59433962264151,0.17125660377358493,0.7735849056603774
2021-11-08,832.5021645021645,7.935064935064935,70.11688311688312,108.16017316017316,0.15456536796536796,0.696969696969697
2021-11-09,949.3656387665199,12.211453744493392,145.53303964757708,144.6784140969163,0.19043348017621145,0.6828193832599119
2021-11-10,810.9595141700405,9.408906882591094,77.04453441295547,138.87854251012146,0.1622582995951417,0.659919028340081
2021-11-11,915.2215909090909,19.960227272727273,160.67613636363637,163.1875,0.11686875,0.6022727272727273
2021-11-12,628.1361256544502,9.764397905759163,87.73298429319372,103.12565445026178,0.2377282722513089,0.7696335078534031
2021-11-13,848.015625,11.6484375,147.7890625,130.0625,0.16173671875,0.75
2021-11-14,879.8823529411765,8.379084967320262,74.18300653594771,136.7843137254902,0.16239150326797386,0.6601307189542484
2021-11-15,775.0,14.174496644295303,179.3020134228188,326.8322147651007,0.21726577181208054,0.6375838926174496
2021-11-16,665.0216216216216,21.124324324324323,68.16756756756757,108.92972972972973,0.12975135135135135,0.6324324324324324
2021-11-17,657.085308056872,10.236966824644549,109.91943127962085,133.75355450236967,0.17154075829383889,0.8104265402843602
2021-11-18,592.2696629213483,6.691011235955056,67.24719101123596,96.56741573033707,0.1526258426966292,0.6741573033707865
2021-11-19,820.2315789473685,26.378947368421052,110.29473684210527,153.01052631578946,0.16275473684210526,0.6526315789473685
2021-11-20,668.2872340425532,6.9361702127659575,80.32978723404256,122.61702127659575,0.16335212765957446,0.5957446808510638
2021-11-21,956.4741379310345,16.75862068965517,142.82758620689654,264.42241379310343,0.0917353448275862,0.6724137931034483
2021-11-22,734.4039735099337,9.774834437086092,82.3907284768212,124.25165562913908,0.2234039735099338,0.8145695364238411
2021-11-23,697.2539682539683,9.26984126984127,80.86772486772487,116.96825396825396,0.16934497354497355,0.7248677248677249
2021-11-24,574.8979591836735,8.464285714285714,95.25,105.11734693877551,0.2053219387755102,0.7551020408163265
2021-11-25,621.5839416058394,7.372262773722627,103.27737226277372,89.58394160583941,0.1254175182481752,0.6642335766423357
2021-11-26,887.7898550724638,15.398550724637682,142.2391304347826,180.05797101449275,0.17043840579710143,0.6811594202898551
2021-11-27,575.989247311828,5.935483870967742,93.94623655913979,94.12903225806451,0.12773548387096775,0.6344086021505376
2021-11-28,1016.5057471264367,13.60919540229885,108.55172413793103,154.68965517241378,0.22268735632183906,0.632183908045977
2021-11-29,745.8783068783068,8.634920634920634,67.52910052910053,107.3015873015873,0.16175502645502646,0.6402116402116402
2021-11-30,611.6810810810811,9.832432432432432,69.64324324324325,175.87027027027028,0.1736227027027027,0.6756756756756757
2021-12-01,546.3210526315789,9.173684210526316,75.66842105263157,93.48421052631579,0.18418315789473683,0.7578947368421053
2021-12-02,579.4882352941177,7.747058823529412,88.2,92.24117647058823,0.16303176470588235,0.6
2021-12-03,629.1818181818181,10.515151515151516,114.6969696969697,100.90151515151516,0.17912348484848487,0.8181818181818182
2021-12-04,780.3333333333334,9.968992248062015,117.51937984496124,134.64341085271317,0.19586744186046512,0.7984496124031008
2021-12-05,678.2926829268292,8.024390243902438,83.10975609756098,128.52439024390245,0.11108170731707316,0.6829268292682927
2021-12-06,620.4428571428572,8.607142857142858,82.13571428571429,97.57142857142857,0.18220071428571427,0.6571428571428571
2021-12-07,648.0170454545455,9.857954545454545,89.00568181818181,84.39772727272727,0.1182306818181818,0.5454545454545454
2021-12-08,781.2165898617511,11.23041474654378,70.64516129032258,244.10138248847926,0.18572073732718894,0.7327188940092166
2021-12-09,803.9432624113475,8.808510638297872,96.60283687943263,151.63829787234042,0.2195645390070922,0.7163120567375887
2021-12-10,951.2165605095541,15.59235668789809,142.9044585987261,158.68789808917197,0.14894331210191084,0.5923566878980892
2021-12-11,601.4130434782609,16.565217391304348,119.19565217391305,230.94565217391303,0.17666630434782607,0.6739130434782609
2021-12-12,847.4473684210526,14.986842105263158,166.80263157894737,299.19736842105266,0.13306842105263156,0.6052631578947368
2021-12-13,630.8188405797101,7.826086956521739,97.0072463768116,88.8695652173913,0.1899427536231884,0.8260869565217391
2021-12-14,1023.9846153846154,14.23076923076923,112.73846153846154,148.90769230769232,0.18766307692307693,0.7076923076923077
2021-12-15,687.9021739130435,7.978260869565218,75.22282608695652,117.43478260869566,0.14302880434782608,0.6739130434782609
2021-12-16,674.8457142857143,9.308571428571428,94.23428571428572,98.21142857142857,0.20266800000000001,0.7142857142857143
2021-12-17,831.2481751824818,9.927007299270073,124.31386861313868,130.45255474452554,0.23785036496350362,0.7226277372262774
2021-12-18,699.3740458015267,10.206106870229007,158.54961832061068,102.26717557251908,0.18379083969465648,0.7251908396946565
2021-12-19,487.2631578947368,6.157894736842105,65.20394736842105,85.40789473684211,0.1431657894736842,0.6710526315789473
2021-12-20,477.44444444444446,5.645299145299146,59.957264957264954,71.18376068376068,0.1718594017094017,0.7606837606837606
2021-12-21,388.5028901734104,4.794797687861272,48.947976878612714,75.95953757225433,0.1513043352601156,0.6589595375722543
2021-12-22,489.8942731277533,8.541850220264317,102.49339207048457,119.49779735682819,0.19477488986784142,0.6828193832599119
2021-12-23,339.06976744186045,5.058139534883721,64.09302325581395,65.12209302325581,0.13809156976744186,0.7732558139534884
2021-12-24,355.6056338028169,3.862676056338028,42.313380281690144,47.98943661971831,0.11816690140845072,0.7887323943661971
2021-12-25,401.9306358381503,4.988439306358382,58.283236994219656,58.60693641618497,0.10797803468208092,0.791907514450867
2021-12-26,322.9017857142857,4.191964285714286,66.14285714285714,54.776785714285715,0.14803794642857143,0.8035714285714286
2021-12-27,316.0,4.5092592592592595,46.97839506172839,52.21604938271605,0.13253024691358023,0.7222222222222222
2021-12-28,327.4583333333333,4.125,49.93269230769231,45.31089743589744,0.16770064102564103,0.7564102564102564
2021-12-29,301.26099706744867,5.190615835777126,44.733137829912025,44.24633431085044,0.08525513196480938,0.7126099706744868
2021-12-30,472.0893470790378,8.037800687285223,68.54639175257732,81.49484536082474,0.1338233676975945,0.7800687285223368
2021-12-31,328.8582677165354,4.433070866141732,53.846456692913385,48.01968503937008,0.12931259842519685,0.84251968503937
2022-01-01,498.4,7.290322580645161,82.18709677419355,95.12258064516129,0.11497870967741936,0.7806451612903226
2022-01-02,797.1157024793389,11.727272727272727,108.27272727272727,348.44628099173553,0.09667272727272727,0.71900826446281
2022-01-03,846.5,15.104651162790697,71.90310077519379,155.9108527131783,0.11963643410852713,0.6976744186046512
2022-01-04,553.8695652173913,11.578260869565218,130.2521739130435,123.08260869565217,0.13384217391304348,0.8347826086956521
2022-01-05,523.1706349206349,10.23015873015873,69.41269841269842,88.07142857142857,0.0627234126984127,0.753968253968254
2022-01-06,402.07042253521126,5.697183098591549,48.75704225352113,91.71126760563381,0.14150739436619716,0.7394366197183099
2022-01-07,463.9573643410853,5.8604651162790695,56.79457364341085,88.50387596899225,0.13992093023255814,0.7829457364341085
2022-01-08,552.6230366492147,9.486910994764397,103.26178010471205,90.37696335078535,0.14933193717277488,0.7591623036649214
2022-01-09,827.4746835443038,9.879746835443038,115.63924050632912,132.27848101265823,0.12278417721518986,0.6835443037974683
2022-01-10,537.8616071428571,7.174107142857143,69.05803571428571,94.53571428571429,0.13220892857142857,0.75
2022-01-11,572.6020408163265,10.227891156462585,76.79251700680273,102.8061224489796,0.09544455782312926,0.5782312925170068
2022-01-12,761.8425531914894,8.97872340425532,64.71489361702127,94.53617021276595,0.05267872340425532,0.5914893617021276
2022-01-13,573.3056768558952,6.585152838427947,72.90829694323143,111.90829694323143,0.1601467248908297,0.7903930131004366
2022-01-14,767.2393617021277,10.898936170212766,82.40425531914893,116.31914893617021,0.12436436170212767,0.8297872340425532
2022-01-15,491.7564102564103,8.5,80.33333333333333,91.56410256410257,0.11870641025641025,0.7692307692307693
2022-01-16,586.277027027027,9.68918918918919,76.98648648648648,100.14189189189189,0.09478716216216217,0.6891891891891891
2022-01-17,758.7705882352941,11.16470588235294,96.73529411764706,123.4,0.12574823529411763,0.8
2022-01-18,579.7136150234742,9.690140845070422,74.15023474178403,92.8075117370892,0.10664788732394366,0.7652582159624414
2022-01-19,638.2531120331951,9.53941908713693,80.03319502074689,126.70124481327801,0.13665684647302906,0.7178423236514523
2022-01-20,486.68548387096774,8.778225806451612,70.6975806451613,113.56451612903226,0.06520806451612904,0.6693548387096774
2022-01-21,825.5423076923076,11.592307692307692,80.25769230769231,112.34615384615384,0.05629346153846154,0.7230769230769231
2022-01-22,509.99555555555554,11.688888888888888,80.69777777777777,100.2,0.08137866666666667,0.7777777777777778
2022-01-23,439.796875,6.01171875,59.265625,159.05078125,0.1236078125,0.71875
2022-01-24,642.6182336182336,7.552706552706553,62.96011396011396,112.72364672364672,0.09026210826210827,0.7378917378917379
2022-01-25,660.1636363636363,7.931818181818182,56.98409090909091,104.60454545454546,0.13364568181818182,0.7681818181818182
2022-01-26,678.8917647058823,8.938823529411765,49.8564705882353,129.63764705882352,0.10734494117647059,0.6564705882352941
2022-01-27,724.0244648318043,11.082568807339449,69.75229357798165,119.96636085626912,0.09831896024464833,0.6024464831804281
2022-01-28,785.1813186813187,9.51923076923077,51.760989010989015,147.3186813186813,0.115764010989011,0.7692307692307693
2022-01-29,645.1833333333333,5.920833333333333,66.02916666666667,136.10416666666666,0.08217374999999999,0.5833333333333334
2022-01-30,512.4313725490196,5.266666666666667,54.015686274509804,69.36078431372549,0.10840392156862745,0.5843137254901961
2022-01-31,611.8130311614731,5.830028328611898,52.124645892351275,261.9745042492918,0.1086600566572238,0.6940509915014165
2022-02-01,586.8135922330097,7.401941747572816,57.06019417475728,106.87961165048544,0.09046446601941747,0.6116504854368932
2022-02-02,598.3896103896104,5.334415584415584,52.61363636363637,100.29220779220779,0.13540974025974026,0.7532467532467533
2022-02-03,643.0560471976402,7.463126843657817,63.37758112094395,166.20058997050148,0.08629970501474926,0.6814159292035398
2022-02-04,610.9691516709512,5.246786632390745,79.2133676092545,103.33676092544987,0.15032262210796915,0.6863753213367609
2022-02-05,681.4085106382979,6.051063829787234,67.48510638297873,104.45957446808511,0.12043872340425532,0.676595744680851
2022-02-06,658.2735042735043,6.14957264957265,66.45299145299145,148.17094017094018,0.10067606837606838,0.5982905982905983
2022-02-07,866.5329949238578,7.604060913705584,63.746192893401016,139.1497461928934,0.12883071065989848,0.8020304568527918
2022-02-08,468.47169811320754,5.740566037735849,59.698113207547166,88.99528301886792,0.09878820754716981,0.7122641509433962
2022-02-09,964.0520547945206,13.372602739726027,69.87397260273973,200.11780821917807,0.1636441095890411,0.7753424657534247
2022-02-10,540.228021978022,6.225274725274725,53.857142857142854,89.53296703296704,0.1053989010989011,0.6978021978021978
2022-02-11,535.0469314079422,5.187725631768953,53.064981949458485,92.4115523465704,0.13522382671480146,0.8122743682310469
2022-02-12,711.3041237113403,6.953608247422681,78.97422680412372,127.77835051546391,0.0988,0.5979381443298969
2022-02-13,627.6439790575917,6.654450261780105,77.31413612565446,145.58115183246073,0.10456910994764397,0.7068062827225131
2022-02-14,610.0159744408945,7.121405750798722,50.322683706070286,115.32907348242811,0.1657476038338658,0.744408945686901
2022-02-15,685.9651898734177,6.537974683544304,53.69303797468354,130.0126582278481,0.09425126582278481,0.6962025316455697
2022-02-16,586.5133689839572,14.459893048128341,56.51604278074866,167.048128342246,0.14400561497326203,0.786096256684492
2022-02-17,748.1573333333333,9.690666666666667,60.44266666666667,173.58133333333333,0.11483093333333333,0.7546666666666667
2022-02-18,609.9262536873156,7.480825958702065,59.13569321533923,214.9882005899705,0.11550442477876106,0.6755162241887905
2022-02-19,633.8953846153846,15.907692307692308,51.79076923076923,289.4153846153846,0.10044646153846154,0.6861538461538461
2022-02-20,792.061797752809,10.634831460674157,106.8932584269663,322.10674157303373,0.12230168539325843,0.6629213483146067
2022-02-21,683.9765100671141,9.046979865771812,70.74832214765101,267.38926174496646,0.147105033557047,0.738255033557047
2022-02-22,696.0250896057348,6.577060931899641,54.84587813620072,173.45878136200716,0.12026917562724015,0.6989247311827957
2022-02-23,570.7457627118644,5.593220338983051,48.57627118644068,128.03728813559323,0.10338033898305085,0.6813559322033899
2022-02-24,1085.6546762589928,17.62230215827338,73.15107913669065,325.96043165467626,0.06914424460431655,0.6258992805755396
2022-02-25,701.5772058823529,7.639705882352941,64.125,127.12867647058823,0.07932610294117647,0.7205882352941176
2022-02-26,1622.4023668639054,19.402366863905325,103.7810650887574,398.57988165680473,0.10800059171597633,0.6449704142011834
2022-02-27,969.4724409448819,9.921259842519685,114.08661417322834,1307.5826771653544,0.09452204724409448,0.5905511811023622
2022-02-28,810.1492957746478,9.278873239436619,63.89014084507042,339.4366197183099,0.11022169014084508,0.6788732394366197
2022-03-01,532.9055690072639,5.4576271186440675,40.653753026634384,113.93946731234867,0.0733179176755448,0.6561743341404358
2022-03-02,629.9228187919463,6.318791946308725,57.15436241610738,161.98657718120805,0.1199231543624161,0.6912751677852349
2022-03-03,498.2646239554318,4.947075208913649,47.35654596100279,117.52089136490251,0.11501643454038997,0.6545961002785515
2022-03-04,380.3835616438356,4.608219178082192,43.12876712328767,103.26849315068493,0.09690219178082192,0.6493150684931507
2022-03-05,362.25,4.14,52.92666666666667,396.25,0.105394,0.6866666666666666
2022-03-06,402.04609929078015,5.099290780141844,47.3936170212766,849.7836879432624,0.06269113475177304,0.5673758865248227
2022-03-07,456.9786585365854,10.801829268292684,53.71951219512195,240.6128048780488,0.1199734756097561,0.6585365853658537
2022-03-08,313.2568578553616,3.9052369077306732,34.718204488778056,72.11720698254364,0.11091620947630923,0.6807980049875312
2022-03-09,286.9387755102041,4.8979591836734695,28.73469387755102,69.51020408163265,0.07823877551020408,0.5918367346938775
