created_at,total_share_count,word_count,twitter_shares,facebook_shares,reddit_shares,pinterest_shares,compound,comp_score
2021-03-22,63200,16906,47761,13444,6673,23,-1.3335,10
2021-03-23,87687,4845,86035,1551,89,12,0.19379999999999997,7
2021-03-24,154430,20695,134113,19318,2869,12,4.1242,39
2021-03-25,189852,16691,182853,4891,2157,20,0.7069999999999997,20
2021-03-26,44997,4990,42202,1790,1167,11,2.6401,10
2021-03-27,64411,5234,62590,7749,259,3,-0.05190000000000006,7
2021-03-28,14959,4817,13349,986,610,14,-1.1198000000000001,-1
2021-03-29,148036,15315,137278,9916,1681,18,3.0256,25
2021-03-30,148984,9794,136925,11589,594,12,-0.20700000000000007,18
2021-03-31,57797,9893,52798,4642,2078,14,3.8568,21
2021-04-01,218408,7602,208137,6775,3533,11,5.4073,21
2021-04-02,34880,10143,31816,2604,456,19,2.441,18
2021-04-03,48437,7818,44205,3245,1261,10,2.4348,10
2021-04-04,38347,5232,37203,2710,134,6,1.4848,5
2021-04-05,107473,12791,96573,10538,932,12,2.807,17
2021-04-06,124890,32496,110817,12590,7177,16,0.6283,18
2021-04-07,167010,13367,153163,8835,5771,27,2.3796,20
2021-04-08,133031,18170,124320,8163,1554,23,-2.4065,8
2021-04-09,35195,6820,28396,6215,567,18,0.8230000000000001,12
2021-04-10,39279,6909,29726,9662,270,6,-1.8951,5
2021-04-11,93100,10194,91515,1460,100,25,-1.1582,7
2021-04-12,132533,13053,124429,6541,1567,20,3.1709,21
2021-04-13,168551,13954,138191,27996,2341,23,3.811,33
2021-04-14,97445,12385,81251,12985,3192,17,1.9363000000000001,20
2021-04-15,73673,3470,47906,25334,415,18,0.18560000000000004,3
2021-04-16,84237,7992,80502,1524,2212,13,-0.13279999999999997,13
2021-04-17,140464,6276,136523,4470,152,16,0.524,13
2021-04-18,87479,10590,69615,13777,4777,36,-4.3866,1
2021-04-19,150263,11871,141038,7543,1662,20,1.4881,19
2021-04-20,85315,8225,64840,18958,1862,15,2.112,18
2021-04-21,114860,4053,113543,1251,66,0,-0.45099999999999996,5
2021-04-22,182700,8368,179570,2841,1025,15,-1.1764999999999999,8
2021-04-23,191896,17160,182580,9569,996,28,-1.1412,22
2021-04-24,71317,11254,58468,4245,8586,19,1.1499,18
2021-04-25,68754,21976,63489,2996,2151,118,-0.8340999999999998,5
2021-04-26,212153,15303,137412,75236,3412,21,3.7132,21
2021-04-27,78233705,15776,96442,78133838,3550,25,2.9988,23
2021-04-28,159539,36192,123510,31578,5096,21,1.4470999999999998,26
2021-04-29,96401,10782,93259,2870,257,15,0.3122999999999999,12
2021-04-30,47745,6172,46379,1230,128,8,-0.08620000000000005,9
2021-05-01,93204,15080,67913,21819,3434,38,0.9517999999999998,14
2021-05-02,85341,9066,82077,1003,2256,5,0.17939999999999995,14
2021-05-03,123480,13611,120513,2373,582,22,2.5556,16
2021-05-04,174735,14772,124938,12790,37028,20,5.5687999999999995,29
2021-05-05,289307,18448,230149,52770,7096,26,1.3123,24
2021-05-06,64565,12962,61033,1618,2503,24,0.9148999999999999,25
2021-05-07,248413,15579,238129,7893,2468,32,0.5293999999999999,19
2021-05-08,139171,11902,135655,3122,383,11,-0.4191999999999999,11
2021-05-09,83015,10116,56892,25868,223,32,2.6211,14
2021-05-10,84492298,12716,68955,84422401,933,9,1.1591,16
2021-05-11,310915,11386,306728,3188,988,11,3.5571,26
2021-05-12,271684,11154,128390,104532,38803,5,1.6788,13
2021-05-13,400261,28863,248165,158992,901,74,-2.485,19
2021-05-14,330592,26218,294298,23647,13854,27,0.6237999999999999,31
2021-05-15,135611,10108,134033,1536,279,19,2.2254,16
2021-05-16,402948,12179,335255,62600,5533,33,0.7433999999999998,12
2021-05-17,981009,23055,946303,33712,947,47,-5.4351,8
2021-05-18,213015,21095,201106,7444,4620,40,-1.1157,11
2021-05-19,500760,27760,232068,270564,1422,43,-1.9476,19
2021-05-20,321945,28812,238448,21390,62136,17,-5.7257,10
2021-05-21,399899,17488,346154,49948,4857,18,-1.3639,23
2021-05-22,176095,18044,127798,21337,26949,11,-2.161,14
2021-05-23,272265,15916,252261,17868,2127,9,-0.36050000000000004,19
2021-05-24,622982,53328,506734,108213,13745,38,4.5685,41
2021-05-25,272139,25491,257540,8340,6420,30,-0.7968000000000001,25
2021-05-26,227280,20665,205788,4680,17084,25,-4.1667,11
2021-05-27,161941,23034,234572,3053,5194,17,-1.145,27
2021-05-28,632389,22051,602995,19618,10949,25,-2.0706999999999995,12
2021-05-29,58984,11279,53219,3706,2125,128,-3.2020999999999997,7
2021-05-30,111212,9039,109001,1196,1009,6,-2.1022,5
2021-05-31,229694,13378,228828,898,336,18,-5.0593,8
2021-06-01,58298289,14870,147109,58151647,512,11,3.0498000000000003,20
2021-06-02,55656,9993,50806,1901,2944,9,2.3068,18
2021-06-03,124536,10378,116175,742,7605,14,-0.5054999999999998,11
2021-06-04,1378535,16562,1309688,67062,1667,125,1.9831999999999999,28
2021-06-05,796031,18133,736208,37320,22528,164,0.8171000000000002,30
2021-06-06,314913,21584,296420,14228,5445,145,3.2697000000000003,31
2021-06-07,669201,33101,559987,97676,12799,162,0.6648000000000001,34
2021-06-08,302788,25470,262248,37762,3099,37,3.1771,32
2021-06-09,836780,26823,779031,54245,3773,36,5.3087,61
2021-06-10,500680,30285,467627,29540,11412,35,5.2013,42
2021-06-11,265426,25619,240224,6372,18815,38,1.1704,30
2021-06-12,142639,23447,132923,7228,2716,31,5.5975,32
2021-06-13,371332,27859,212093,154960,4243,36,0.894,22
2021-06-14,360501,41724,323432,36700,11697,19,2.5358,40
2021-06-15,210640,17144,200732,21948,558,21,4.7280999999999995,30
2021-06-16,185107,12404,174473,1249,9558,22,0.7224000000000002,21
2021-06-17,422393,17655,415510,1904,4958,21,4.1272,25
2021-06-18,82148862,15812,1180116,80951831,16998,27,1.0652,29
2021-06-19,487808,11225,484688,1614,1470,38,-2.6269,9
2021-06-20,101264,11847,97566,2621,1814,18,-1.2245,8
2021-06-21,266616,20187,211782,17654,37459,40,-5.6639,17
2021-06-22,396408,31190,385558,7231,4176,33,-2.4446,24
2021-06-23,142161,19317,116553,21812,3788,35,2.8802999999999996,29
2021-06-24,165282,24444,152177,12572,1327,40,2.3513,28
2021-06-25,176139,24857,161981,19814,1631,23,0.6104999999999998,31
2021-06-26,98712,15695,96936,651,1117,16,1.4614,16
2021-06-27,78688796,15656,1320826,77363942,4014,14,1.4939,17
2021-06-28,176459,26641,164776,9146,2510,28,-2.1645,15
2021-06-29,220480,15391,214526,770,5164,20,3.8007,17
2021-06-30,123507,12061,122881,356,364,14,-0.8913,17
2021-07-02,77893905,20875,734523,77158103,1256,23,2.4764999999999997,22
2021-07-03,62874,8694,60608,1660,591,15,0.1633,9
2021-07-04,109030,16675,108095,529,400,6,0.4539000000000001,11
2021-07-05,223291,14543,211703,8487,3067,34,-2.1516,10
2021-07-06,146840,16287,132866,7186,6751,37,0.34919999999999995,12
2021-07-07,160356979,14726,2046435,158310331,266,26,3.532,19
2021-07-08,151595,8816,150278,990,305,22,0.7843,7
2021-07-09,249603,19414,220322,4558,24686,37,2.7658,25
2021-07-10,56363,8940,53707,2164,490,5,1.4568999999999999,10
2021-07-11,76238,8832,72568,3184,469,17,1.1310000000000002,10
2021-07-12,95570,12817,92297,903,2751,16,0.9212,15
2021-07-13,171652,16881,167541,1473,2623,15,4.9127,22
2021-07-14,121286,13540,118425,2556,271,34,0.6322000000000001,18
2021-07-15,161600,17807,158287,440,3077,16,3.399,20
2021-07-16,78410174,17414,1308789,77081700,19886,15,1.8991999999999998,26
2021-07-17,43700,11422,38353,110,5225,12,-0.2270999999999999,8
2021-07-18,80813,9452,35142,44738,908,25,2.0088,4
2021-07-19,152614,14170,134386,3854,14356,18,-1.9124,15
2021-07-20,219548,21156,207167,11236,1117,28,-0.5060000000000001,22
2021-07-21,250987,18026,243347,6968,675,13,5.3982,37
2021-07-22,224959,30414,214740,6763,3440,16,3.3644,26
2021-07-23,90179,9266,82200,4219,3745,15,-2.6696999999999997,6
2021-07-24,78819,5305,75640,2955,211,13,1.1013,9
2021-07-25,212858,14234,181830,24029,6964,35,3.5642,16
2021-07-26,226853,35446,200453,25417,1553,31,8.1605,44
2021-07-27,90261,12634,77418,10316,2515,12,2.8928000000000003,18
2021-07-28,143737,15204,93109,50116,562,26,2.8111,20
2021-07-29,108425,14038,98593,5255,4661,27,0.7997,21
2021-07-30,215594,19470,198246,11874,5776,34,3.6967,29
2021-07-31,64291,11245,57448,6286,527,30,1.1338999999999997,14
2021-08-01,58960,10756,51213,6853,876,18,1.0372,15
2021-08-02,158137,21054,148671,8703,740,23,0.1469999999999998,18
2021-08-03,103883,21966,92762,7799,3293,29,1.6576999999999997,26
2021-08-04,204276,16421,192232,11374,647,23,3.1193999999999997,26
2021-08-05,257766,14609,245521,7733,4491,21,5.7385,22
2021-08-06,123488,14086,117091,5950,448,25,0.7068999999999999,9
2021-08-07,48494,11992,43069,5095,316,14,-0.07769999999999994,12
2021-08-08,71538,11828,65371,4909,834,10,2.2253000000000003,9
2021-08-09,154017,15551,138435,10286,5275,21,1.5241999999999998,15
2021-08-10,106805,20548,91087,13160,2532,26,3.682,20
2021-08-11,91408,14281,76243,9605,5532,28,2.414,19
2021-08-12,105053,26989,95344,7356,2340,13,0.46729999999999994,22
2021-08-13,131166,18007,120627,8939,1580,25,1.0485,18
2021-08-14,51431,9584,45229,5221,964,17,0.9178999999999999,9
2021-08-15,140113,27485,130766,5386,3948,13,2.7009999999999996,18
2021-08-16,114560,12016,105287,8941,322,10,4.0184,14
2021-08-17,242659,21420,229075,10146,3424,14,3.3817,22
2021-08-18,106226,14310,90121,14074,2018,13,1.6093,27
2021-08-19,257192,24472,220441,35358,1354,39,4.3273,32
2021-08-20,105999,12388,86515,7503,11904,77,1.8973000000000002,23
2021-08-21,138598,5199,135306,3237,81,7,0.8972,9
2021-08-22,40184,9571,35933,3997,240,14,0.7057,10
2021-08-23,81088795,20913,1331188,79750631,7191,27,5.4255,33
2021-08-24,78471283,4557,1604529,76866521,223,10,1.0829,17
2021-08-25,67143,15158,60305,4988,1833,17,-1.2758,11
2021-08-26,209014,5231,204966,3952,91,5,1.1643999999999999,9
2021-08-27,57435,11530,52480,3838,1101,16,1.039,15
2021-08-28,55522,15834,51713,3658,135,16,1.5912000000000002,13
2021-08-29,122951,18040,117695,4707,546,3,3.7724,20
2021-08-30,75722075,25561,648877,75072830,560,1,-0.26369999999999977,18
2021-08-31,186404,19006,180051,3852,2527,4,3.365,21
2021-09-01,109572,15127,101908,2711,4947,6,0.967,18
2021-09-02,113082,15074,109426,1508,1585,0,-1.4122000000000001,14
2021-09-03,153451,15331,147304,3829,2309,9,0.6792000000000001,25
2021-09-04,230020,17656,223646,5560,837,7,0.8245000000000002,15
2021-09-05,70505,7659,69652,860,127,2,-2.2889,-2
2021-09-06,119924,18589,114328,5320,2079,5,3.8655,25
2021-09-07,357506,28955,314664,26218,18248,20,5.4411000000000005,43
2021-09-08,164185,17840,156073,4973,3785,10,-0.2032,20
2021-09-09,228452,13578,209736,8769,9938,9,0.9055000000000001,22
2021-09-10,120208,12349,116422,1686,2096,4,2.3108,14
2021-09-11,71010,12562,68108,1091,1783,48,1.0004,14
2021-09-12,81431628,9532,1681169,79743375,7657,4,1.9696,12
2021-09-13,97548,13677,94331,2277,938,2,1.8849,15
2021-09-14,64688,12293,62459,1632,632,5,2.5463,21
2021-09-15,109834,13348,107526,1231,1066,11,0.8295999999999999,9
2021-09-16,98710,19717,90982,1703,6017,8,1.1589999999999998,20
2021-09-17,71406,13899,64715,2750,3982,6,0.738,11
2021-09-18,273074,23788,260767,9903,2396,8,2.2574,21
2021-09-19,153934,20481,152622,919,385,8,-0.36179999999999995,4
2021-09-20,133294,29212,116467,11715,5105,7,-1.8718000000000001,13
2021-09-21,129437,11975,126202,1457,1771,7,-3.5252,3
2021-09-22,135858,26574,122604,11063,2344,12,2.9318,27
2021-09-23,296394,35401,285748,3688,7144,5,1.2306,32
2021-09-24,214384,21020,197070,16241,1057,18,-3.9255,19
2021-09-25,95985,11479,91713,1699,2565,8,0.6749,15
2021-09-26,44334,11528,35775,1982,6572,5,1.6798000000000002,12
2021-09-27,112436,15355,108302,2266,1861,7,1.025,13
2021-09-28,174804,25710,169329,1805,3628,42,1.5587,16
2021-09-29,159930,15054,154333,3061,2531,5,3.0507,21
2021-09-30,360942,15844,346323,5987,8769,10,-1.4793,12
2021-10-01,252147,17144,234357,17789,6216,12,-1.3975000000000002,17
2021-10-02,193129,7154,191670,1483,131,2,-0.3778000000000001,6
2021-10-03,218657,7092,210666,2536,5447,8,1.522,9
2021-10-04,150998,12104,145622,1475,3896,9,0.027500000000000135,16
2021-10-05,384411,34044,373203,3884,830,11,-1.4318,31
2021-10-06,30972,3784,26752,770,1083,3,-0.3435,5
2021-10-07,50234,1997,47425,47,1984,1,0.9306000000000001,4
2021-10-08,118868,16119,117103,1423,347,3,3.1038,25
2021-10-09,200632,10605,197395,1435,2076,3,-1.1562000000000001,1
2021-10-10,68264,7988,62984,4891,389,0,2.0414,13
2021-10-11,109741,13690,105395,2918,1416,12,1.3379,21
2021-10-12,293577,9583,291463,895,1237,7,4.646599999999999,20
2021-10-13,245443,25231,237188,1404,6842,9,-1.6509000000000003,11
2021-10-14,96695,14775,93435,180,3075,5,1.4591,13
2021-10-15,174379,28376,170800,1103,2475,12,7.4355,37
2021-10-16,146346,17913,144375,1153,803,15,3.3613,26
2021-10-17,154110,13220,152283,1139,682,6,1.8695,12
2021-10-18,136522,14579,127693,2915,5907,7,4.0203,27
2021-10-19,358444,21096,341543,2793,14094,14,1.9505000000000001,34
2021-10-20,419796,20416,350495,66357,2930,14,3.4905,45
2021-10-21,82055173,21661,1103277,80950442,1506,25,0.3720000000000002,32
2021-10-22,175553,17440,152581,12689,10275,8,3.7732,31
2021-10-23,84293,12427,82830,929,529,5,1.436,15
2021-10-24,54960,10018,52996,891,1069,4,1.2952,10
2021-10-25,142714,15780,133980,4191,4538,5,1.4818,24
2021-10-26,96576,10063,92339,3194,1038,5,2.4408,16
2021-10-27,68631,7696,53205,14882,542,2,0.8563000000000001,16
2021-10-28,93521,10668,87003,1180,5335,3,3.612,17
2021-10-29,739646,11699,738153,1420,222,4,0.3279,11
2021-10-30,93392,10833,90019,1638,1730,5,1.9234,14
2021-10-31,158801,15238,155402,1660,1731,8,-1.8644,9
2021-11-01,138156,10490,116417,21314,414,11,2.6413,13
2021-11-02,127575,11880,124095,1400,2526,10,3.4805,29
2021-11-03,134724,15803,133231,482,1009,2,4.2495,28
2021-11-04,103123,19860,97613,5259,598,5,3.3707,27
2021-11-05,94328,11034,91934,1920,467,7,0.4378000000000001,15
2021-11-06,178947,11955,176501,2116,377,4,2.8283,16
2021-11-07,59909,8705,58425,826,656,2,0.7008,9
2021-11-08,225095,20866,219112,4399,1575,9,1.5666,31
2021-11-09,335815,18643,330002,4411,1396,6,2.7691,28
2021-11-10,148470,14748,146577,1587,300,6,0.5919,15
2021-11-11,92121,9139,88178,1716,2223,4,0.8862000000000001,13
2021-11-12,129869,7820,127558,1159,1144,8,0.17959999999999998,10
2021-11-13,113439,7199,110420,2858,303,2,-1.4343000000000001,4
2021-11-14,243147,15281,240108,1481,1550,8,3.792,18
2021-11-15,244184,12913,243445,501,233,6,-1.2993,6
2021-11-16,83035,10361,76110,883,6098,3,-2.9107,4
2021-11-17,115532,16230,111874,407,3273,10,1.5947999999999998,19
2021-11-18,156385,12800,153504,1261,1614,6,-0.24049999999999983,14
2021-11-19,246302,10992,245392,556,365,5,-1.6306,12
2021-11-20,156527,17457,153110,1504,1961,13,-0.7217000000000002,5
2021-11-21,267786,16288,261599,4217,1966,4,2.1799,22
2021-11-22,119011,22967,110646,2649,5855,8,0.5693,14
2021-11-23,150069,22135,147109,1860,1090,10,2.0068,24
2021-11-24,86033,11355,84911,319,798,5,2.3851,16
2021-11-25,89625,9562,88465,815,341,4,0.7247000000000001,11
2021-11-26,110146,9393,108421,1247,470,8,0.5898000000000001,14
2021-11-27,103110,8551,102221,626,260,3,-0.42050000000000004,7
2021-11-28,124094,8055,123054,637,395,8,1.6181999999999999,14
2021-11-29,899688,16950,897185,1220,1272,11,2.1655,22
2021-11-30,186401,9692,184875,1384,137,5,0.14350000000000002,8
2021-12-01,101684,16638,100188,396,1093,7,1.2485,14
2021-12-02,491345,14677,162733,328397,210,5,2.4931,15
2021-12-03,147757,10094,146628,629,642,6,4.3872,16
2021-12-04,638691,13275,623443,13755,1486,7,-0.23449999999999982,22
2021-12-05,91370,9047,89394,1746,225,5,-0.8815,8
2021-12-06,165464,15536,160084,1495,4048,13,0.4954999999999998,14
2021-12-07,198322,19230,156746,1394,40179,3,2.7039,25
2021-12-08,229986,28077,141572,87560,854,4,1.948,17
2021-12-09,157186,9677,118991,36081,2107,7,4.3111,21
2021-12-10,166036,16522,152694,11912,1458,6,-0.8942999999999999,15
2021-12-11,86778525,11922,2599624,84178702,198,4,1.4875,20
2021-12-12,105394,11744,74538,7737,24589,5,-0.5176000000000001,8
2021-12-13,183496,17017,178069,4270,1150,7,4.6897,22
2021-12-14,60943,10233,59362,719,852,10,0.5416000000000001,8
2021-12-15,453180,8021,450384,1366,1430,0,1.7604,13
2021-12-16,115362,18948,88777,2279,24491,2,0.45519999999999994,20
2021-12-17,65201,11757,63357,1561,280,3,-0.19230000000000005,7
2021-12-18,131207,11460,126357,19036,1871,2,0.30590000000000017,14
2021-12-19,260572,11305,258881,598,1090,3,2.0993,13
2021-12-20,111433,12942,106577,3609,1242,5,3.6549,19
2021-12-21,63615,7012,62237,873,593,0,1.9667999999999999,16
2021-12-22,81670,12148,78263,3186,215,6,0.06529999999999991,9
2021-12-23,125767,10031,117566,7699,534,2,2.6292999999999997,14
2021-12-24,69484,7731,53676,15757,50,1,2.0426,13
2021-12-25,188297,33915,179807,3526,4958,6,0.8919,12
2021-12-26,229108,10166,226693,1962,452,1,1.2285000000000004,11
2021-12-27,203278,12119,201630,1390,254,4,2.1289,13
2021-12-28,81443,11879,80779,474,189,1,0.3260999999999999,11
2021-12-29,210124,13903,206577,6125,1089,9,2.0263,17
2021-12-30,118891,9629,117110,6150,490,2,1.5709,13
2021-12-31,92891,13090,91710,2685,300,11,2.3738,15
2022-01-01,77774,6221,76738,477,558,1,0.7300999999999999,9
2022-01-02,150910,9100,146374,2161,2372,3,-0.9877000000000001,8
2022-01-03,132976,11446,131335,1099,578,6,0.030400000000000038,9
2022-01-04,224283,14944,223424,601,254,6,3.4678,20
2022-01-05,107326,14048,101252,1296,5127,10,-1.0594000000000001,14
2022-01-06,186581,10810,183425,811,2362,16,0.6914999999999999,15
2022-01-07,146791,13399,144338,1724,727,2,-0.26420000000000005,8
2022-01-08,45579,7705,44671,224,665,19,1.1945999999999999,5
2022-01-09,70158,7299,69564,578,14,2,4.5191,12
2022-01-10,183668,14266,180616,2604,436,12,-0.44380000000000003,5
2022-01-11,228188,20658,225227,640,2327,5,0.5230999999999999,13
2022-01-12,286829,11905,286304,223,295,7,1.5123000000000002,17
2022-01-13,84554,14256,82687,151,1713,3,1.4688999999999999,11
2022-01-14,181477,9829,173204,5360,2911,4,0.5674999999999997,11
2022-01-15,73332905,5189,72268,73259931,704,2,2.6565,12
2022-01-16,85045,8364,77350,5162,2540,7,0.5207999999999999,6
2022-01-17,136936,16321,120164,14859,1894,19,1.3687,23
2022-01-18,944325,16392,329230,18617,596471,7,0.02479999999999999,19
2022-01-19,104374,11312,102086,490,1790,8,0.394,10
2022-01-20,199675,14795,198769,635,289,5,0.8230000000000001,19
2022-01-21,147071,16712,143665,3308,94,17,-2.6346,3
2022-01-22,108389,7410,105150,2274,956,9,0.002000000000000012,17
2022-01-23,123739,10000,119665,1444,3064,2,-0.8827,3
2022-01-24,210549,14897,197034,3204,10334,7,-3.767,3
2022-01-25,213956,12721,207925,1021,5005,5,-0.9093,13
2022-01-26,183342,18983,181722,1000,614,7,-0.5737999999999999,10
2022-01-27,129956,12695,128738,496,716,6,1.0976,16
2022-01-28,90809,13974,89072,1545,570,8,-0.8154,9
2022-01-29,61857,9792,59748,727,1377,5,1.1699,9
2022-01-30,59255,10350,57812,3753,532,3,-1.9109,1
2022-01-31,65257,10902,61730,1628,1891,8,-1.8215999999999999,6
2022-02-01,511271,16172,341059,169600,1478,19,-1.0001,19
2022-02-02,154999,12478,153801,1649,618,5,-0.03939999999999999,12
2022-02-03,113108,13882,108461,1068,3573,6,1.6716000000000002,17
2022-02-04,184877,8081,175191,3780,5902,4,2.3206,14
2022-02-05,280591,19590,270222,3885,6464,20,2.6356,24
2022-02-06,140862,10390,111017,29256,581,8,-2.6334,2
2022-02-07,537214,12966,532932,2521,1743,18,1.8026,24
2022-02-08,260807,19466,239927,14729,6137,14,-3.8625,15
2022-02-09,220647,11704,217597,508,2534,8,2.7253,16
2022-02-10,105640,24603,98103,1442,6081,14,1.4343000000000001,18
2022-02-11,88326,9569,70286,16797,1243,0,0.762,14
2022-02-12,104394,11542,94574,11883,1154,1,-0.3444999999999999,10
2022-02-13,67365,6373,65835,1301,218,11,1.4645000000000001,11
2022-02-14,40722,11389,36485,4096,141,8,-0.984,6
2022-02-15,132030,23896,126624,3580,1815,11,-1.3327,8
2022-02-16,723398,14960,677664,42867,2866,1,2.5446,24
2022-02-17,179170,12316,167664,4309,7265,5,3.0769,16
2022-02-18,166859,25420,163539,2358,960,2,-1.4603,9
2022-02-19,54723,6194,52957,1835,1173,3,2.0039,11
2022-02-20,78885,6110,71795,4326,2760,4,0.43820000000000003,7
2022-02-21,89313,11506,73629,2744,12935,5,0.07119999999999993,14
2022-02-22,149165,22715,144848,3656,655,6,-1.2254,10
2022-02-23,111767,12253,107765,690,3311,1,2.7001,15
2022-02-24,196221,20021,189484,14361,1898,29,-3.0068,5
2022-02-25,103340,18829,87718,7888,8728,8,0.2707,18
2022-02-26,174682,12202,167067,9863,10433,5,-3.9186,1
2022-02-27,125798,5663,123800,1151,845,2,-0.7428,1
2022-02-28,129392,16806,94225,2962,32857,11,-1.4657,12
2022-03-01,170913,12971,162084,3278,5545,6,0.10549999999999993,13
2022-03-02,67011,8359,55075,8489,3595,11,1.4459,9
2022-03-03,67157,9614,63376,1935,1842,4,-1.0464000000000002,8
2022-03-04,46449,6652,45112,1001,334,2,0.2040999999999999,6
2022-03-05,113653,9913,111606,914,1128,5,0.3304,10
2022-03-06,112636,6779,94663,16105,1866,2,1.6058999999999997,8
2022-03-07,51237,9355,50555,521,153,8,-0.8608,6
2022-03-08,85253,12138,84674,518,60,1,1.052,12
2022-03-09,90089,12374,87714,2160,212,3,0.7277,20
2022-03-10,41972,14958,41701,106,162,3,1.1136,10
2022-03-11,107849,9264,99546,3451,5823,3,0.6218,12
2022-03-12,75993,7033,74242,1412,471,3,1.3431,10
2022-03-13,78834,9428,71957,6447,429,1,1.7688,10
2022-03-14,94701,11835,90263,1096,3341,1,-2.7056999999999998,8
2022-03-15,171757,22285,164521,4641,2592,3,-1.1932,7
2022-03-16,111403,9982,110926,231,243,3,1.4590999999999998,13
2022-03-17,64290,9487,60725,1637,1925,3,2.5574,14
2022-03-18,54196,11973,53172,550,471,3,2.1252,13
2022-03-19,66655,7690,65934,522,194,5,1.7796,10
2022-03-20,43760,8011,43369,324,66,1,1.2084,10
